{
    "PoseName": "APose",
    "LookAtTarget": {
        "Position": {
            "X": 0.0,
            "Y": 1.7000000476837159,
            "Z": -0.5
        },
        "Rotation": {
            "X": 0.0,
            "Y": 1.0,
            "Z": 0.0,
            "W": 0.0
        },
        "Scale": {
            "X": 0.20000000298023225,
            "Y": 0.20000000298023225,
            "Z": 0.20000000298023225
        }
    },
    "HeadControl": {
        "Position": {
            "X": -0.004614157602190971,
            "Y": 1.6170614957809449,
            "Z": 0.0076090735383331779
        },
        "Rotation": {
            "X": 0.0,
            "Y": 1.0,
            "Z": 0.0,
            "W": 0.0
        },
        "Scale": {
            "X": 0.25,
            "Y": 0.05000000074505806,
            "Z": 0.25
        }
    },
    "NeckControl": {
        "Position": {
            "X": -0.004375284072011709,
            "Y": 1.5215543508529664,
            "Z": 0.02309473231434822
        },
        "Rotation": {
            "X": 0.0,
            "Y": 1.0,
            "Z": 0.0,
            "W": 0.0
        },
        "Scale": {
            "X": 0.125,
            "Y": 0.05000000074505806,
            "Z": 0.125
        }
    },
    "ChestControl": {
        "Position": {
            "X": -0.0000056326571211684499,
            "Y": 1.2647056579589844,
            "Z": -0.025776345282793046
        },
        "Rotation": {
            "X": 0.0,
            "Y": 1.0,
            "Z": 0.0,
            "W": 0.0
        },
        "Scale": {
            "X": 0.3499999940395355,
            "Y": 0.05000000074505806,
            "Z": 0.3499999940395355
        }
    },
    "HipsControl": {
        "Position": {
            "X": 0.0,
            "Y": 1.0,
            "Z": 0.0
        },
        "Rotation": {
            "X": 0.0,
            "Y": 1.0,
            "Z": 0.0,
            "W": 0.0
        },
        "Scale": {
            "X": 0.4000000059604645,
            "Y": 0.05000000074505806,
            "Z": 0.3499999940395355
        }
    },
    "LeftHandIKTarget": {
        "Position": {
            "X": 0.5,
            "Y": 1.125,
            "Z": -0.20000000298023225
        },
        "Rotation": {
            "X": 0.0,
            "Y": 0.9537169933319092,
            "Z": 0.0,
            "W": 0.30070576071739199
        },
        "Scale": {
            "X": 0.1000000536441803,
            "Y": 0.10000000149011612,
            "Z": 0.1000000536441803
        }
    },
    "RightHandIKTarget": {
        "Position": {
            "X": -0.5,
            "Y": 1.125,
            "Z": -0.20000000298023225
        },
        "Rotation": {
            "X": 0.0,
            "Y": 0.9537169933319092,
            "Z": 0.0,
            "W": -0.30070576071739199
        },
        "Scale": {
            "X": 0.1000000536441803,
            "Y": 0.10000000149011612,
            "Z": 0.1000000536441803
        }
    },
    "LeftFootIKTarget": {
        "Position": {
            "X": 0.25,
            "Y": 0.0,
            "Z": 0.0
        },
        "Rotation": {
            "X": 0.0,
            "Y": 0.9961947202682495,
            "Z": 0.0,
            "W": 0.087155781686306
        },
        "Scale": {
            "X": 0.20000000298023225,
            "Y": 0.20000000298023225,
            "Z": 0.20000000298023225
        }
    },
    "RightFootIKTarget": {
        "Position": {
            "X": -0.25,
            "Y": 0.0,
            "Z": 0.0
        },
        "Rotation": {
            "X": 0.0,
            "Y": 0.9961947202682495,
            "Z": 0.0,
            "W": -0.087155781686306
        },
        "Scale": {
            "X": 0.20000000298023225,
            "Y": 0.20000000298023225,
            "Z": 0.20000000298023225
        }
    },
    "LeftHandIKPole": {
        "Position": {
            "X": 0.47947874665260317,
            "Y": 1.125,
            "Z": 0.09082482755184174
        },
        "Rotation": {
            "X": 0.0,
            "Y": 0.9537169933319092,
            "Z": 0.0,
            "W": 0.30070576071739199
        },
        "Scale": {
            "X": 1.0,
            "Y": 1.0,
            "Z": 1.0
        }
    },
    "RightHandIKPole": {
        "Position": {
            "X": -0.47947877645492556,
            "Y": 1.125,
            "Z": 0.0908246785402298
        },
        "Rotation": {
            "X": 0.0,
            "Y": 0.30070576071739199,
            "Z": 0.0,
            "W": 0.9537169933319092
        },
        "Scale": {
            "X": 1.0,
            "Y": 1.0,
            "Z": 1.0
        }
    },
    "LeftFootIKPole": {
        "Position": {
            "X": 0.2717060446739197,
            "Y": 0.5,
            "Z": -0.12310098111629486
        },
        "Rotation": {
            "X": 0.0,
            "Y": 0.9961947202682495,
            "Z": 0.0,
            "W": 0.087155781686306
        },
        "Scale": {
            "X": 0.5,
            "Y": 0.5,
            "Z": 0.5
        }
    },
    "RightFootIKPole": {
        "Position": {
            "X": -0.2717060446739197,
            "Y": 0.5,
            "Z": -0.12310095876455307
        },
        "Rotation": {
            "X": 0.0,
            "Y": 0.9961947202682495,
            "Z": 0.0,
            "W": -0.087155781686306
        },
        "Scale": {
            "X": 0.5,
            "Y": 0.5,
            "Z": 0.5
        }
    }
}