{
    "PoseName": "Burpee07",
    "RootControl": {
        "Position": {
            "X": 0.0,
            "Y": 0.6181946396827698,
            "Z": 0.6251291632652283
        },
        "Rotation": {
            "X": 0.0,
            "Y": 0.7110389471054077,
            "Z": -0.7031526565551758,
            "W": 0.0
        },
        "Scale": {
            "X": 1.0,
            "Y": 1.0,
            "Z": 1.0
        }
    },
    "CenterOfMass": {
        "Position": {
            "X": 0.0,
            "Y": 0.6257379651069641,
            "Z": -0.4098510146141052
        },
        "Rotation": {
            "X": 0.0,
            "Y": 0.7110389471054077,
            "Z": -0.7031526565551758,
            "W": 0.0
        },
        "Scale": {
            "X": 1.0,
            "Y": 1.0,
            "Z": 1.0
        }
    },
    "LookAtTarget": {
        "Position": {
            "X": 0.0,
            "Y": 0.33141106367111208,
            "Z": -0.9201653599739075
        },
        "Rotation": {
            "X": 0.0,
            "Y": 0.7110389471054077,
            "Z": -0.7031526565551758,
            "W": 0.0
        },
        "Scale": {
            "X": 1.0,
            "Y": 1.0,
            "Z": 1.0
        }
    },
    "HeadControl": {
        "Position": {
            "X": 0.0,
            "Y": 0.6361839175224304,
            "Z": -0.9877704977989197
        },
        "Rotation": {
            "X": 0.0,
            "Y": 0.7110389471054077,
            "Z": -0.7031526565551758,
            "W": 0.0
        },
        "Scale": {
            "X": 1.0,
            "Y": 1.0,
            "Z": 1.0
        }
    },
    "NeckControl": {
        "Position": {
            "X": 0.0,
            "Y": 0.6347563862800598,
            "Z": -0.8597785830497742
        },
        "Rotation": {
            "X": 0.0,
            "Y": 0.7110389471054077,
            "Z": -0.7031526565551758,
            "W": 0.0
        },
        "Scale": {
            "X": 1.0,
            "Y": 1.0,
            "Z": 1.0
        }
    },
    "ChestControl": {
        "Position": {
            "X": 0.0,
            "Y": 0.6321131587028503,
            "Z": -0.6227932572364807
        },
        "Rotation": {
            "X": 0.0,
            "Y": 0.7110389471054077,
            "Z": -0.7031526565551758,
            "W": 0.0
        },
        "Scale": {
            "X": 1.0,
            "Y": 1.0,
            "Z": 1.0
        }
    },
    "HipsControl": {
        "Position": {
            "X": 0.0,
            "Y": 0.6295146346092224,
            "Z": -0.3898077607154846
        },
        "Rotation": {
            "X": 0.0,
            "Y": 0.7110389471054077,
            "Z": -0.7031526565551758,
            "W": 0.0
        },
        "Scale": {
            "X": 1.0,
            "Y": 1.0,
            "Z": 1.0
        }
    },
    "LeftHandIKTarget": {
        "Position": {
            "X": 0.453000009059906,
            "Y": 0.2196149230003357,
            "Z": -0.8494077324867249
        },
        "Rotation": {
            "X": 0.010875027626752854,
            "Y": -0.9969462156295776,
            "Z": 0.07706329226493836,
            "W": -0.006434251554310322
        },
        "Scale": {
            "X": 1.0,
            "Y": 1.0,
            "Z": 1.0
        }
    },
    "RightHandIKTarget": {
        "Position": {
            "X": -0.4480000138282776,
            "Y": 0.22066670656204225,
            "Z": -0.764390766620636
        },
        "Rotation": {
            "X": 0.024442531168460847,
            "Y": 0.9944294691085815,
            "Z": -0.027860790491104127,
            "W": -0.09867358207702637
        },
        "Scale": {
            "X": 1.0,
            "Y": 1.0,
            "Z": 1.0
        }
    },
    "LeftFootIKTarget": {
        "Position": {
            "X": 0.10000000149011612,
            "Y": 0.195318341255188,
            "Z": -0.10563254356384278
        },
        "Rotation": {
            "X": 0.0,
            "Y": 0.9648783802986145,
            "Z": -0.2626971900463104,
            "W": 0.0
        },
        "Scale": {
            "X": 1.0,
            "Y": 1.0,
            "Z": 1.0
        }
    },
    "RightFootIKTarget": {
        "Position": {
            "X": -0.15085147321224214,
            "Y": 0.20419126749038697,
            "Z": -0.004527270793914795
        },
        "Rotation": {
            "X": 0.06182372197508812,
            "Y": 0.9403001666069031,
            "Z": -0.32552847266197207,
            "W": 0.07774828374385834
        },
        "Scale": {
            "X": 1.0,
            "Y": 1.0,
            "Z": 1.0
        }
    },
    "LeftHandIKPole": {
        "Position": {
            "X": 0.6513789892196655,
            "Y": 0.16374021768569947,
            "Z": -0.5847876667976379
        },
        "Rotation": {
            "X": 0.010875027626752854,
            "Y": -0.9969462156295776,
            "Z": 0.07706329226493836,
            "W": -0.006434251554310322
        },
        "Scale": {
            "X": 1.0,
            "Y": 1.0,
            "Z": 1.0
        }
    },
    "RightHandIKPole": {
        "Position": {
            "X": -0.5987754464149475,
            "Y": 0.14441055059432984,
            "Z": -0.4746463894844055
        },
        "Rotation": {
            "X": 0.024442531168460847,
            "Y": 0.9944294691085815,
            "Z": -0.027860790491104127,
            "W": -0.09867358207702637
        },
        "Scale": {
            "X": 1.0,
            "Y": 1.0,
            "Z": 1.0
        }
    },
    "LeftFootIKPole": {
        "Position": {
            "X": 0.2330000102519989,
            "Y": 0.5249201655387878,
            "Z": -0.531499445438385
        },
        "Rotation": {
            "X": 0.0,
            "Y": 0.9648783802986145,
            "Z": -0.2626971900463104,
            "W": 0.0
        },
        "Scale": {
            "X": 1.0,
            "Y": 1.0,
            "Z": 1.0
        }
    },
    "RightFootIKPole": {
        "Position": {
            "X": -0.4502354860305786,
            "Y": 0.4737512469291687,
            "Z": -0.4701835513114929
        },
        "Rotation": {
            "X": 0.06182372197508812,
            "Y": 0.9403001666069031,
            "Z": -0.32552847266197207,
            "W": 0.07774828374385834
        },
        "Scale": {
            "X": 1.0,
            "Y": 1.0,
            "Z": 1.0
        }
    }
}