{
    "PoseName": "Burpee04",
    "RootControl": {
        "Position": {
            "X": 0.0,
            "Y": 0.0,
            "Z": 0.0
        },
        "Rotation": {
            "X": 0.0,
            "Y": 1.0,
            "Z": 0.0,
            "W": 0.0
        },
        "Scale": {
            "X": 1.0,
            "Y": 1.0,
            "Z": 1.0
        }
    },
    "CenterOfMass": {
        "Position": {
            "X": 0.0,
            "Y": 1.3799999952316285,
            "Z": 0.5899999737739563
        },
        "Rotation": {
            "X": 0.0,
            "Y": 0.7212940454483032,
            "Z": -0.6926290392875671,
            "W": 0.0
        },
        "Scale": {
            "X": 1.0,
            "Y": 1.0,
            "Z": 1.0
        }
    },
    "LookAtTarget": {
        "Position": {
            "X": 0.0,
            "Y": -0.03839075565338135,
            "Z": -1.106881856918335
        },
        "Rotation": {
            "X": 0.0,
            "Y": 0.7212940454483032,
            "Z": -0.6926290392875671,
            "W": 0.0
        },
        "Scale": {
            "X": 1.0,
            "Y": 1.0,
            "Z": 1.0
        }
    },
    "HeadControl": {
        "Position": {
            "X": 0.0,
            "Y": 1.6129999160766602,
            "Z": 0.0
        },
        "Rotation": {
            "X": 0.0,
            "Y": 1.0,
            "Z": 0.0,
            "W": 0.0
        },
        "Scale": {
            "X": 1.0,
            "Y": 1.0,
            "Z": 1.0
        }
    },
    "NeckControl": {
        "Position": {
            "X": 0.0,
            "Y": 1.4850000143051148,
            "Z": 0.0
        },
        "Rotation": {
            "X": 0.0,
            "Y": 1.0,
            "Z": 0.0,
            "W": 0.0
        },
        "Scale": {
            "X": 1.0,
            "Y": 1.0,
            "Z": 1.0
        }
    },
    "ChestControl": {
        "Position": {
            "X": 0.0,
            "Y": 1.2480000257492066,
            "Z": 0.0
        },
        "Rotation": {
            "X": 0.0,
            "Y": 1.0,
            "Z": 0.0,
            "W": 0.0
        },
        "Scale": {
            "X": 1.0,
            "Y": 1.0,
            "Z": 1.0
        }
    },
    "HipsControl": {
        "Position": {
            "X": 0.0,
            "Y": 1.0149999856948853,
            "Z": 0.0
        },
        "Rotation": {
            "X": 0.0,
            "Y": 1.0,
            "Z": 0.0,
            "W": 0.0
        },
        "Scale": {
            "X": 1.0,
            "Y": 1.0,
            "Z": 1.0
        }
    },
    "LeftHandIKTarget": {
        "Position": {
            "X": 0.3930000066757202,
            "Y": 0.16500000655651093,
            "Z": -0.8849999904632568
        },
        "Rotation": {
            "X": 0.0,
            "Y": -0.9999867677688599,
            "Z": 0.0,
            "W": -0.0051520769484341148
        },
        "Scale": {
            "X": 1.0,
            "Y": 1.0,
            "Z": 1.0
        }
    },
    "RightHandIKTarget": {
        "Position": {
            "X": -0.3779999911785126,
            "Y": 0.17399999499320985,
            "Z": -0.8885716795921326
        },
        "Rotation": {
            "X": 0.06051858514547348,
            "Y": 0.9933372735977173,
            "Z": 0.09806926548480988,
            "W": -0.0010254248045384884
        },
        "Scale": {
            "X": 1.0,
            "Y": 1.0,
            "Z": 1.0
        }
    },
    "LeftFootIKTarget": {
        "Position": {
            "X": 0.10000000149011612,
            "Y": 0.15741991996765138,
            "Z": 0.5580000281333923
        },
        "Rotation": {
            "X": 0.0,
            "Y": 0.883440375328064,
            "Z": -0.46854367852211,
            "W": 0.0
        },
        "Scale": {
            "X": 1.0,
            "Y": 1.0,
            "Z": 1.0
        }
    },
    "RightFootIKTarget": {
        "Position": {
            "X": -0.10000000149011612,
            "Y": 0.20483380556106568,
            "Z": 0.4749999940395355
        },
        "Rotation": {
            "X": 0.0,
            "Y": 0.8204156160354614,
            "Z": -0.5717676877975464,
            "W": 0.0
        },
        "Scale": {
            "X": 1.0,
            "Y": 1.0,
            "Z": 1.0
        }
    },
    "LeftHandIKPole": {
        "Position": {
            "X": 0.5903304815292358,
            "Y": 0.7420000433921814,
            "Z": -0.7219580411911011
        },
        "Rotation": {
            "X": 0.0,
            "Y": -0.9999867677688599,
            "Z": 0.0,
            "W": -0.0051520769484341148
        },
        "Scale": {
            "X": 1.0,
            "Y": 1.0,
            "Z": 1.0
        }
    },
    "RightHandIKPole": {
        "Position": {
            "X": -0.776190996170044,
            "Y": 0.7542449235916138,
            "Z": -0.6671044826507568
        },
        "Rotation": {
            "X": 0.06051858514547348,
            "Y": 0.9933372735977173,
            "Z": 0.09806926548480988,
            "W": -0.0010254248045384884
        },
        "Scale": {
            "X": 1.0,
            "Y": 1.0,
            "Z": 1.0
        }
    },
    "LeftFootIKPole": {
        "Position": {
            "X": 0.15000000596046449,
            "Y": -0.13669893145561219,
            "Z": 0.2415444552898407
        },
        "Rotation": {
            "X": 0.0,
            "Y": 0.883440375328064,
            "Z": -0.46854367852211,
            "W": 0.0
        },
        "Scale": {
            "X": 1.0,
            "Y": 1.0,
            "Z": 1.0
        }
    },
    "RightFootIKPole": {
        "Position": {
            "X": -0.15000000596046449,
            "Y": -0.1229013204574585,
            "Z": 0.18459558486938477
        },
        "Rotation": {
            "X": 0.0,
            "Y": 0.8204156160354614,
            "Z": -0.5717676877975464,
            "W": 0.0
        },
        "Scale": {
            "X": 1.0,
            "Y": 1.0,
            "Z": 1.0
        }
    }
}