{
    "PoseName": "Burpee04",
    "LookAtTarget": {
        "Position": {
            "X": 0.0,
            "Y": 0.19900000095367433,
            "Z": -0.7549999952316284
        },
        "Rotation": {
            "X": 0.0,
            "Y": 1.0,
            "Z": 0.0,
            "W": 0.0
        },
        "Scale": {
            "X": 0.20000000298023225,
            "Y": 0.20000000298023225,
            "Z": 0.20000000298023225
        }
    },
    "HeadControl": {
        "Position": {
            "X": -0.006872702855616808,
            "Y": 0.7709142565727234,
            "Z": -0.17876820266246797
        },
        "Rotation": {
            "X": 0.0,
            "Y": 1.0,
            "Z": 0.0,
            "W": 0.0
        },
        "Scale": {
            "X": 0.25,
            "Y": 0.05000000074505806,
            "Z": 0.25
        }
    },
    "NeckControl": {
        "Position": {
            "X": -0.004091565031558275,
            "Y": 0.6755949854850769,
            "Z": -0.16239844262599946
        },
        "Rotation": {
            "X": 0.0,
            "Y": 1.0,
            "Z": 0.0,
            "W": 0.0
        },
        "Scale": {
            "X": 0.125,
            "Y": 0.05000000074505806,
            "Z": 0.125
        }
    },
    "ChestControl": {
        "Position": {
            "X": 0.0010508167324587703,
            "Y": 0.41591399908065798,
            "Z": -0.19269797205924989
        },
        "Rotation": {
            "X": 0.0,
            "Y": 1.0,
            "Z": 0.0,
            "W": 0.0
        },
        "Scale": {
            "X": 0.3499999940395355,
            "Y": 0.05000000074505806,
            "Z": 0.3499999940395355
        }
    },
    "HipsControl": {
        "Position": {
            "X": 0.0,
            "Y": 0.16500000655651093,
            "Z": -0.1679999977350235
        },
        "Rotation": {
            "X": 0.0,
            "Y": 0.7386292815208435,
            "Z": -0.6741119027137756,
            "W": 0.0
        },
        "Scale": {
            "X": 0.4000000059604645,
            "Y": 0.05000000074505806,
            "Z": 0.3499999940395355
        }
    },
    "LeftHandIKTarget": {
        "Position": {
            "X": 0.41999998688697817,
            "Y": 0.10000000149011612,
            "Z": -0.5659999847412109
        },
        "Rotation": {
            "X": 0.0,
            "Y": 1.0,
            "Z": 0.0,
            "W": 0.0
        },
        "Scale": {
            "X": 0.1000000536441803,
            "Y": 0.10000000149011612,
            "Z": 0.1000000536441803
        }
    },
    "RightHandIKTarget": {
        "Position": {
            "X": -0.4259999990463257,
            "Y": 0.10000000149011612,
            "Z": -0.5120000243186951
        },
        "Rotation": {
            "X": 0.0,
            "Y": 1.0,
            "Z": 0.0,
            "W": 0.0
        },
        "Scale": {
            "X": 0.1000000536441803,
            "Y": 0.10000000149011612,
            "Z": 0.1000000536441803
        }
    },
    "LeftFootIKTarget": {
        "Position": {
            "X": 0.10000000149011612,
            "Y": 0.210999995470047,
            "Z": 0.8090000152587891
        },
        "Rotation": {
            "X": 0.0,
            "Y": 0.8565969467163086,
            "Z": -0.5159860849380493,
            "W": 0.0
        },
        "Scale": {
            "X": 0.20000000298023225,
            "Y": 0.20000000298023225,
            "Z": 0.20000000298023225
        }
    },
    "RightFootIKTarget": {
        "Position": {
            "X": -0.10000000149011612,
            "Y": 0.2150000035762787,
            "Z": 0.7699999809265137
        },
        "Rotation": {
            "X": 0.0,
            "Y": 0.8480969071388245,
            "Z": -0.5298412442207336,
            "W": 0.0
        },
        "Scale": {
            "X": 0.20000000298023225,
            "Y": 0.20000000298023225,
            "Z": 0.20000000298023225
        }
    },
    "LeftHandIKPole": {
        "Position": {
            "X": 0.6690001487731934,
            "Y": 0.23800000548362733,
            "Z": -0.5690000057220459
        },
        "Rotation": {
            "X": 0.0,
            "Y": 1.0,
            "Z": 0.0,
            "W": 0.0
        },
        "Scale": {
            "X": 1.0,
            "Y": 1.0,
            "Z": 1.0
        }
    },
    "RightHandIKPole": {
        "Position": {
            "X": -0.757000207901001,
            "Y": 0.23800000548362733,
            "Z": -0.5049999952316284
        },
        "Rotation": {
            "X": 0.0,
            "Y": 0.0,
            "Z": 0.0,
            "W": 1.0
        },
        "Scale": {
            "X": 1.0,
            "Y": 1.0,
            "Z": 1.0
        }
    },
    "LeftFootIKPole": {
        "Position": {
            "X": 0.2199999988079071,
            "Y": 0.09116467833518982,
            "Z": 0.18000119924545289
        },
        "Rotation": {
            "X": 0.0,
            "Y": 0.8565969467163086,
            "Z": -0.5159860849380493,
            "W": 0.0
        },
        "Scale": {
            "X": 0.5,
            "Y": 0.5,
            "Z": 0.5
        }
    },
    "RightFootIKPole": {
        "Position": {
            "X": -0.2199999988079071,
            "Y": 0.20179423689842225,
            "Z": 0.14489388465881349
        },
        "Rotation": {
            "X": 0.0,
            "Y": 0.8480969071388245,
            "Z": -0.5298412442207336,
            "W": 0.0
        },
        "Scale": {
            "X": 0.5,
            "Y": 0.5,
            "Z": 0.5
        }
    }
}