{
    "PoseName": "Burpee01",
    "LookAtTarget": {
        "Position": {
            "X": 0.0,
            "Y": 1.7000000476837159,
            "Z": -0.5
        },
        "Rotation": {
            "X": 0.0,
            "Y": 1.0,
            "Z": 0.0,
            "W": 0.0
        },
        "Scale": {
            "X": 0.20000000298023225,
            "Y": 0.20000000298023225,
            "Z": 0.20000000298023225
        }
    },
    "HeadControl": {
        "Position": {
            "X": -0.006219407077878714,
            "Y": 1.6097424030303956,
            "Z": -0.00846289936453104
        },
        "Rotation": {
            "X": 0.0,
            "Y": 1.0,
            "Z": 0.0,
            "W": 0.0
        },
        "Scale": {
            "X": 0.25,
            "Y": 0.05000000074505806,
            "Z": 0.25
        }
    },
    "NeckControl": {
        "Position": {
            "X": -0.004305584821850061,
            "Y": 1.5146253108978272,
            "Z": 0.009160331450402737
        },
        "Rotation": {
            "X": 0.0,
            "Y": 1.0,
            "Z": 0.0,
            "W": 0.0
        },
        "Scale": {
            "X": 0.125,
            "Y": 0.05000000074505806,
            "Z": 0.125
        }
    },
    "ChestControl": {
        "Position": {
            "X": 0.0007420873735100031,
            "Y": 1.255308985710144,
            "Z": -0.0241301991045475
        },
        "Rotation": {
            "X": 0.0,
            "Y": 1.0,
            "Z": 0.0,
            "W": 0.0
        },
        "Scale": {
            "X": 0.3499999940395355,
            "Y": 0.05000000074505806,
            "Z": 0.3499999940395355
        }
    },
    "HipsControl": {
        "Position": {
            "X": 0.0,
            "Y": 1.0,
            "Z": 0.0
        },
        "Rotation": {
            "X": 0.0,
            "Y": 1.0,
            "Z": 0.0,
            "W": 0.0
        },
        "Scale": {
            "X": 0.4000000059604645,
            "Y": 0.05000000074505806,
            "Z": 0.3499999940395355
        }
    },
    "LeftHandIKTarget": {
        "Position": {
            "X": 0.25,
            "Y": 0.8999999761581421,
            "Z": 0.05000000074505806
        },
        "Rotation": {
            "X": 0.4156269133090973,
            "Y": 0.5720614194869995,
            "Z": -0.4156269133090973,
            "W": 0.5720614194869995
        },
        "Scale": {
            "X": 0.1000000536441803,
            "Y": 0.10000000149011612,
            "Z": 0.1000000536441803
        }
    },
    "RightHandIKTarget": {
        "Position": {
            "X": -0.25,
            "Y": 0.8999999761581421,
            "Z": -0.05000000074505806
        },
        "Rotation": {
            "X": -0.4156269133090973,
            "Y": 0.5720614194869995,
            "Z": -0.4156269133090973,
            "W": -0.5720614194869995
        },
        "Scale": {
            "X": 0.1000000536441803,
            "Y": 0.10000000149011612,
            "Z": 0.1000000536441803
        }
    },
    "LeftFootIKTarget": {
        "Position": {
            "X": 0.10000000149011612,
            "Y": 0.0,
            "Z": 0.0
        },
        "Rotation": {
            "X": 0.0,
            "Y": 1.0,
            "Z": 0.0,
            "W": 0.0
        },
        "Scale": {
            "X": 0.20000000298023225,
            "Y": 0.20000000298023225,
            "Z": 0.20000000298023225
        }
    },
    "RightFootIKTarget": {
        "Position": {
            "X": -0.10000000149011612,
            "Y": 0.0,
            "Z": 0.0
        },
        "Rotation": {
            "X": 0.0,
            "Y": 1.0,
            "Z": 0.0,
            "W": 0.0
        },
        "Scale": {
            "X": 0.20000000298023225,
            "Y": 0.20000000298023225,
            "Z": 0.20000000298023225
        }
    },
    "LeftHandIKPole": {
        "Position": {
            "X": 0.31944233179092409,
            "Y": 1.132855772972107,
            "Z": 0.2000000923871994
        },
        "Rotation": {
            "X": 0.4156269133090973,
            "Y": 0.5720614194869995,
            "Z": -0.4156269133090973,
            "W": 0.5720614194869995
        },
        "Scale": {
            "X": 1.0,
            "Y": 1.0,
            "Z": 1.0
        }
    },
    "RightHandIKPole": {
        "Position": {
            "X": -0.31944233179092409,
            "Y": 1.132855772972107,
            "Z": 0.10000009834766388
        },
        "Rotation": {
            "X": -0.4156269133090973,
            "Y": 0.5720614194869995,
            "Z": 0.4156269133090973,
            "W": 0.5720614194869995
        },
        "Scale": {
            "X": 1.0,
            "Y": 1.0,
            "Z": 1.0
        }
    },
    "LeftFootIKPole": {
        "Position": {
            "X": 0.10000000149011612,
            "Y": 0.5,
            "Z": -0.1250000149011612
        },
        "Rotation": {
            "X": 0.0,
            "Y": 1.0,
            "Z": 0.0,
            "W": 0.0
        },
        "Scale": {
            "X": 0.5,
            "Y": 0.5,
            "Z": 0.5
        }
    },
    "RightFootIKPole": {
        "Position": {
            "X": -0.10000000149011612,
            "Y": 0.5,
            "Z": -0.1249999925494194
        },
        "Rotation": {
            "X": 0.0,
            "Y": 1.0,
            "Z": 0.0,
            "W": 0.0
        },
        "Scale": {
            "X": 0.5,
            "Y": 0.5,
            "Z": 0.5
        }
    }
}