{
    "PoseName": "Burpee08",
    "RootControl": {
        "Position": {
            "X": 0.0,
            "Y": 0.6181946396827698,
            "Z": 0.6251291632652283
        },
        "Rotation": {
            "X": 0.0,
            "Y": 0.7110389471054077,
            "Z": -0.7031526565551758,
            "W": 0.0
        },
        "Scale": {
            "X": 1.0,
            "Y": 1.0,
            "Z": 1.0
        }
    },
    "CenterOfMass": {
        "Position": {
            "X": 0.0,
            "Y": 0.6257379651069641,
            "Z": -0.4098510146141052
        },
        "Rotation": {
            "X": 0.0,
            "Y": 0.7110389471054077,
            "Z": -0.7031526565551758,
            "W": 0.0
        },
        "Scale": {
            "X": 1.0,
            "Y": 1.0,
            "Z": 1.0
        }
    },
    "LookAtTarget": {
        "Position": {
            "X": 0.0,
            "Y": 0.3314111828804016,
            "Z": -0.920165479183197
        },
        "Rotation": {
            "X": 0.0,
            "Y": 0.7110389471054077,
            "Z": -0.7031526565551758,
            "W": 0.0
        },
        "Scale": {
            "X": 1.0,
            "Y": 1.0,
            "Z": 1.0
        }
    },
    "HeadControl": {
        "Position": {
            "X": 0.0,
            "Y": 0.6361839175224304,
            "Z": -0.9877708554267883
        },
        "Rotation": {
            "X": 0.0,
            "Y": 0.7110389471054077,
            "Z": -0.7031526565551758,
            "W": 0.0
        },
        "Scale": {
            "X": 1.0,
            "Y": 1.0,
            "Z": 1.0
        }
    },
    "NeckControl": {
        "Position": {
            "X": 0.0,
            "Y": 0.6347563862800598,
            "Z": -0.8597788214683533
        },
        "Rotation": {
            "X": 0.0,
            "Y": 0.7110389471054077,
            "Z": -0.7031526565551758,
            "W": 0.0
        },
        "Scale": {
            "X": 1.0,
            "Y": 1.0,
            "Z": 1.0
        }
    },
    "ChestControl": {
        "Position": {
            "X": 0.0,
            "Y": 0.6321131587028503,
            "Z": -0.6227933764457703
        },
        "Rotation": {
            "X": 0.0,
            "Y": 0.7110389471054077,
            "Z": -0.7031526565551758,
            "W": 0.0
        },
        "Scale": {
            "X": 1.0,
            "Y": 1.0,
            "Z": 1.0
        }
    },
    "HipsControl": {
        "Position": {
            "X": 0.0,
            "Y": 0.6295146346092224,
            "Z": -0.38980787992477419
        },
        "Rotation": {
            "X": 0.0,
            "Y": 0.7110389471054077,
            "Z": -0.7031526565551758,
            "W": 0.0
        },
        "Scale": {
            "X": 1.0,
            "Y": 1.0,
            "Z": 1.0
        }
    },
    "LeftHandIKTarget": {
        "Position": {
            "X": 0.453000009059906,
            "Y": 0.21961504220962525,
            "Z": -0.8494077324867249
        },
        "Rotation": {
            "X": 0.010875027626752854,
            "Y": -0.9969462156295776,
            "Z": 0.07706332206726074,
            "W": -0.006434251554310322
        },
        "Scale": {
            "X": 1.0,
            "Y": 1.0,
            "Z": 1.0
        }
    },
    "RightHandIKTarget": {
        "Position": {
            "X": -0.4480000138282776,
            "Y": 0.22066670656204225,
            "Z": -0.764390766620636
        },
        "Rotation": {
            "X": 0.024442531168460847,
            "Y": 0.9944294691085815,
            "Z": -0.027860790491104127,
            "W": -0.09867358207702637
        },
        "Scale": {
            "X": 1.0,
            "Y": 1.0,
            "Z": 1.0
        }
    },
    "LeftFootIKTarget": {
        "Position": {
            "X": 0.10000000149011612,
            "Y": 0.1960015892982483,
            "Z": 0.5504159331321716
        },
        "Rotation": {
            "X": 0.0,
            "Y": 0.8575196266174316,
            "Z": -0.514451265335083,
            "W": 0.0
        },
        "Scale": {
            "X": 1.0,
            "Y": 1.0,
            "Z": 1.0
        }
    },
    "RightFootIKTarget": {
        "Position": {
            "X": -0.15085147321224214,
            "Y": 0.2042873203754425,
            "Z": 0.6145123243331909
        },
        "Rotation": {
            "X": 0.08058691024780274,
            "Y": 0.8168272972106934,
            "Z": -0.5682660937309265,
            "W": 0.05807507410645485
        },
        "Scale": {
            "X": 1.0,
            "Y": 1.0,
            "Z": 1.0
        }
    },
    "LeftHandIKPole": {
        "Position": {
            "X": 0.6514586806297302,
            "Y": 1.2090401649475098,
            "Z": -0.8342403769493103
        },
        "Rotation": {
            "X": 0.010875028558075428,
            "Y": -0.9969462156295776,
            "Z": 0.07706329226493836,
            "W": -0.006434250622987747
        },
        "Scale": {
            "X": 1.0,
            "Y": 1.0,
            "Z": 1.0
        }
    },
    "RightHandIKPole": {
        "Position": {
            "X": -0.5983548760414124,
            "Y": 1.0127644538879395,
            "Z": -0.7238979935646057
        },
        "Rotation": {
            "X": 0.024442531168460847,
            "Y": 0.9944294691085815,
            "Z": -0.027860790491104127,
            "W": -0.09867358207702637
        },
        "Scale": {
            "X": 1.0,
            "Y": 1.0,
            "Z": 1.0
        }
    },
    "LeftFootIKPole": {
        "Position": {
            "X": 0.07100000232458115,
            "Y": -0.2716822028160095,
            "Z": 0.33719098567962649
        },
        "Rotation": {
            "X": 0.0,
            "Y": 0.8575196266174316,
            "Z": -0.514451265335083,
            "W": 0.0
        },
        "Scale": {
            "X": 1.0,
            "Y": 1.0,
            "Z": 1.0
        }
    },
    "RightFootIKPole": {
        "Position": {
            "X": -0.19151650369167329,
            "Y": -0.2860764265060425,
            "Z": 0.36605530977249148
        },
        "Rotation": {
            "X": 0.08058691024780274,
            "Y": 0.8168272972106934,
            "Z": -0.5682660937309265,
            "W": 0.05807507410645485
        },
        "Scale": {
            "X": 1.0,
            "Y": 1.0,
            "Z": 1.0
        }
    }
}