{
    "PoseName": "Burpee03",
    "LookAtTarget": {
        "Position": {
            "X": 0.0,
            "Y": 0.19900000095367433,
            "Z": -0.7549999952316284
        },
        "Rotation": {
            "X": 0.0,
            "Y": 1.0,
            "Z": 0.0,
            "W": 0.0
        },
        "Scale": {
            "X": 0.20000000298023225,
            "Y": 0.20000000298023225,
            "Z": 0.20000000298023225
        }
    },
    "HeadControl": {
        "Position": {
            "X": 0.0033998547587543728,
            "Y": 1.119314193725586,
            "Z": -0.17961348593235017
        },
        "Rotation": {
            "X": 0.0,
            "Y": 1.0,
            "Z": 0.0,
            "W": 0.0
        },
        "Scale": {
            "X": 0.25,
            "Y": 0.05000000074505806,
            "Z": 0.25
        }
    },
    "NeckControl": {
        "Position": {
            "X": 0.002607291331514716,
            "Y": 1.0239620208740235,
            "Z": -0.16321857273578645
        },
        "Rotation": {
            "X": 0.0,
            "Y": 1.0,
            "Z": 0.0,
            "W": 0.0
        },
        "Scale": {
            "X": 0.125,
            "Y": 0.05000000074505806,
            "Z": 0.125
        }
    },
    "ChestControl": {
        "Position": {
            "X": 0.0013158005895093084,
            "Y": 0.7649518847465515,
            "Z": -0.19914565980434419
        },
        "Rotation": {
            "X": 0.0,
            "Y": 1.0,
            "Z": 0.0,
            "W": 0.0
        },
        "Scale": {
            "X": 0.3499999940395355,
            "Y": 0.05000000074505806,
            "Z": 0.3499999940395355
        }
    },
    "HipsControl": {
        "Position": {
            "X": 0.0,
            "Y": 0.5009999871253967,
            "Z": -0.1679999977350235
        },
        "Rotation": {
            "X": 0.0,
            "Y": 0.7386292815208435,
            "Z": -0.6741119027137756,
            "W": 0.0
        },
        "Scale": {
            "X": 0.4000000059604645,
            "Y": 0.05000000074505806,
            "Z": 0.3499999940395355
        }
    },
    "LeftHandIKTarget": {
        "Position": {
            "X": 0.25,
            "Y": 0.10000000149011612,
            "Z": -0.699999988079071
        },
        "Rotation": {
            "X": 0.0,
            "Y": 1.0,
            "Z": 0.0,
            "W": 0.0
        },
        "Scale": {
            "X": 0.1000000536441803,
            "Y": 0.10000000149011612,
            "Z": 0.1000000536441803
        }
    },
    "RightHandIKTarget": {
        "Position": {
            "X": -0.25,
            "Y": 0.10000000149011612,
            "Z": -0.699999988079071
        },
        "Rotation": {
            "X": 0.0,
            "Y": 1.0,
            "Z": 0.0,
            "W": 0.0
        },
        "Scale": {
            "X": 0.1000000536441803,
            "Y": 0.10000000149011612,
            "Z": 0.1000000536441803
        }
    },
    "LeftFootIKTarget": {
        "Position": {
            "X": 0.10000000149011612,
            "Y": 0.210999995470047,
            "Z": 0.703000009059906
        },
        "Rotation": {
            "X": 0.0,
            "Y": 0.8565969467163086,
            "Z": -0.5159860849380493,
            "W": 0.0
        },
        "Scale": {
            "X": 0.20000000298023225,
            "Y": 0.20000000298023225,
            "Z": 0.20000000298023225
        }
    },
    "RightFootIKTarget": {
        "Position": {
            "X": -0.10000000149011612,
            "Y": 0.2150000035762787,
            "Z": 0.671999990940094
        },
        "Rotation": {
            "X": 0.0,
            "Y": 0.8480969071388245,
            "Z": -0.5298412442207336,
            "W": 0.0
        },
        "Scale": {
            "X": 0.20000000298023225,
            "Y": 0.20000000298023225,
            "Z": 0.20000000298023225
        }
    },
    "LeftHandIKPole": {
        "Position": {
            "X": 0.40000009536743166,
            "Y": 0.23800000548362733,
            "Z": -0.49999988079071047
        },
        "Rotation": {
            "X": 0.0,
            "Y": 1.0,
            "Z": 0.0,
            "W": 0.0
        },
        "Scale": {
            "X": 1.0,
            "Y": 1.0,
            "Z": 1.0
        }
    },
    "RightHandIKPole": {
        "Position": {
            "X": -0.40000009536743166,
            "Y": 0.23800000548362733,
            "Z": -0.49999988079071047
        },
        "Rotation": {
            "X": 0.0,
            "Y": 0.0,
            "Z": 0.0,
            "W": 1.0
        },
        "Scale": {
            "X": 1.0,
            "Y": 1.0,
            "Z": 1.0
        }
    },
    "LeftFootIKPole": {
        "Position": {
            "X": 0.2199999988079071,
            "Y": 0.09116467833518982,
            "Z": 0.07400119304656983
        },
        "Rotation": {
            "X": 0.0,
            "Y": 0.8565969467163086,
            "Z": -0.5159860849380493,
            "W": 0.0
        },
        "Scale": {
            "X": 0.5,
            "Y": 0.5,
            "Z": 0.5
        }
    },
    "RightFootIKPole": {
        "Position": {
            "X": -0.2199999988079071,
            "Y": 0.07478287816047669,
            "Z": 0.04722863435745239
        },
        "Rotation": {
            "X": 0.0,
            "Y": 0.8480969071388245,
            "Z": -0.5298412442207336,
            "W": 0.0
        },
        "Scale": {
            "X": 0.5,
            "Y": 0.5,
            "Z": 0.5
        }
    }
}