{
    "PoseName": "Burpee07",
    "LookAtTarget": {
        "Position": {
            "X": 0.0,
            "Y": 1.7000000476837159,
            "Z": -0.5
        },
        "Rotation": {
            "X": 0.0,
            "Y": 1.0,
            "Z": 0.0,
            "W": 0.0
        },
        "Scale": {
            "X": 0.20000000298023225,
            "Y": 0.20000000298023225,
            "Z": 0.20000000298023225
        }
    },
    "HeadControl": {
        "Position": {
            "X": -0.0029466787818819286,
            "Y": 1.8562688827514649,
            "Z": -0.017340071499347688
        },
        "Rotation": {
            "X": 0.0,
            "Y": 1.0,
            "Z": 0.0,
            "W": 0.0
        },
        "Scale": {
            "X": 0.25,
            "Y": 0.05000000074505806,
            "Z": 0.25
        }
    },
    "NeckControl": {
        "Position": {
            "X": -0.0013981550000607968,
            "Y": 1.761202096939087,
            "Z": 0.0005865980638191104
        },
        "Rotation": {
            "X": 0.0,
            "Y": 1.0,
            "Z": 0.0,
            "W": 0.0
        },
        "Scale": {
            "X": 0.125,
            "Y": 0.05000000074505806,
            "Z": 0.125
        }
    },
    "ChestControl": {
        "Position": {
            "X": 0.0009676021873019636,
            "Y": 1.5012991428375245,
            "Z": -0.028111839666962625
        },
        "Rotation": {
            "X": 0.0,
            "Y": 1.0,
            "Z": 0.0,
            "W": 0.0
        },
        "Scale": {
            "X": 0.3499999940395355,
            "Y": 0.05000000074505806,
            "Z": 0.3499999940395355
        }
    },
    "HipsControl": {
        "Position": {
            "X": 0.0,
            "Y": 1.2450000047683716,
            "Z": 0.0
        },
        "Rotation": {
            "X": 0.0,
            "Y": 1.0,
            "Z": 0.0,
            "W": 0.0
        },
        "Scale": {
            "X": 0.4000000059604645,
            "Y": 0.05000000074505806,
            "Z": 0.3499999940395355
        }
    },
    "LeftHandIKTarget": {
        "Position": {
            "X": 0.25,
            "Y": 2.180999994277954,
            "Z": -0.041999999433755878
        },
        "Rotation": {
            "X": 0.0,
            "Y": 0.7926238775253296,
            "Z": 0.6097109317779541,
            "W": 0.0
        },
        "Scale": {
            "X": 0.1000000536441803,
            "Y": 0.10000000149011612,
            "Z": 0.1000000536441803
        }
    },
    "RightHandIKTarget": {
        "Position": {
            "X": -0.25,
            "Y": 2.197999954223633,
            "Z": -0.06400000303983689
        },
        "Rotation": {
            "X": 0.0,
            "Y": 0.6123849749565125,
            "Z": 0.790559709072113,
            "W": 0.0
        },
        "Scale": {
            "X": 0.1000000536441803,
            "Y": 0.10000000149011612,
            "Z": 0.1000000536441803
        }
    },
    "LeftFootIKTarget": {
        "Position": {
            "X": 0.08299999684095383,
            "Y": 0.4000000059604645,
            "Z": 0.09600000083446503
        },
        "Rotation": {
            "X": 0.0,
            "Y": 0.8570093512535095,
            "Z": -0.5153008103370667,
            "W": 0.0
        },
        "Scale": {
            "X": 0.20000000298023225,
            "Y": 0.20000000298023225,
            "Z": 0.20000000298023225
        }
    },
    "RightFootIKTarget": {
        "Position": {
            "X": -0.08100000023841858,
            "Y": 0.413779616355896,
            "Z": 0.15000000596046449
        },
        "Rotation": {
            "X": 0.0,
            "Y": 0.8325429558753967,
            "Z": -0.5539605617523193,
            "W": 0.0
        },
        "Scale": {
            "X": 0.20000000298023225,
            "Y": 0.20000000298023225,
            "Z": 0.20000000298023225
        }
    },
    "LeftHandIKPole": {
        "Position": {
            "X": 0.69100022315979,
            "Y": 1.9728140830993653,
            "Z": -0.04675844684243202
        },
        "Rotation": {
            "X": 0.0,
            "Y": 0.7926238775253296,
            "Z": 0.6097109317779541,
            "W": 0.0
        },
        "Scale": {
            "X": 1.0,
            "Y": 1.0,
            "Z": 1.0
        }
    },
    "RightHandIKPole": {
        "Position": {
            "X": -0.40000009536743166,
            "Y": 1.9697072505950928,
            "Z": -0.08782245963811875
        },
        "Rotation": {
            "X": 0.790559709072113,
            "Y": 0.0,
            "Z": 0.0,
            "W": 0.6123849749565125
        },
        "Scale": {
            "X": 1.0,
            "Y": 1.0,
            "Z": 1.0
        }
    },
    "LeftFootIKPole": {
        "Position": {
            "X": 0.08299999684095383,
            "Y": 0.5240606069564819,
            "Z": -0.4042338728904724
        },
        "Rotation": {
            "X": 0.0,
            "Y": 0.8570093512535095,
            "Z": -0.5153008103370667,
            "W": 0.0
        },
        "Scale": {
            "X": 0.5,
            "Y": 0.5,
            "Z": 0.5
        }
    },
    "RightFootIKPole": {
        "Position": {
            "X": -0.08100000023841858,
            "Y": 0.49160832166671755,
            "Z": -0.3594779074192047
        },
        "Rotation": {
            "X": 0.0,
            "Y": 0.8325429558753967,
            "Z": -0.5539605617523193,
            "W": 0.0
        },
        "Scale": {
            "X": 0.5,
            "Y": 0.5,
            "Z": 0.5
        }
    }
}