{
    "PoseName": "Burpee02",
    "LookAtTarget": {
        "Position": {
            "X": 0.0,
            "Y": 0.19900000095367433,
            "Z": -0.7549999952316284
        },
        "Rotation": {
            "X": 0.0,
            "Y": 1.0,
            "Z": 0.0,
            "W": 0.0
        },
        "Scale": {
            "X": 0.20000000298023225,
            "Y": 0.20000000298023225,
            "Z": 0.20000000298023225
        }
    },
    "HeadControl": {
        "Position": {
            "X": 0.005040109157562256,
            "Y": 1.027651309967041,
            "Z": -0.17001132667064668
        },
        "Rotation": {
            "X": 0.0,
            "Y": 1.0,
            "Z": 0.0,
            "W": 0.0
        },
        "Scale": {
            "X": 0.25,
            "Y": 0.05000000074505806,
            "Z": 0.25
        }
    },
    "NeckControl": {
        "Position": {
            "X": 0.0035999040119349958,
            "Y": 0.9320015907287598,
            "Z": -0.15550167858600617
        },
        "Rotation": {
            "X": 0.0,
            "Y": 1.0,
            "Z": 0.0,
            "W": 0.0
        },
        "Scale": {
            "X": 0.125,
            "Y": 0.05000000074505806,
            "Z": 0.125
        }
    },
    "ChestControl": {
        "Position": {
            "X": 0.0008918952662497759,
            "Y": 0.6732443571090698,
            "Z": -0.19313275814056397
        },
        "Rotation": {
            "X": 0.0,
            "Y": 1.0,
            "Z": 0.0,
            "W": 0.0
        },
        "Scale": {
            "X": 0.3499999940395355,
            "Y": 0.05000000074505806,
            "Z": 0.3499999940395355
        }
    },
    "HipsControl": {
        "Position": {
            "X": 0.0,
            "Y": 0.41600000858306887,
            "Z": -0.1679999977350235
        },
        "Rotation": {
            "X": 0.0,
            "Y": 0.7646430730819702,
            "Z": -0.6444540619850159,
            "W": 0.0
        },
        "Scale": {
            "X": 0.4000000059604645,
            "Y": 0.05000000074505806,
            "Z": 0.3499999940395355
        }
    },
    "LeftHandIKTarget": {
        "Position": {
            "X": 0.41999998688697817,
            "Y": 0.10000000149011612,
            "Z": -0.5659999847412109
        },
        "Rotation": {
            "X": 0.0,
            "Y": 1.0,
            "Z": 0.0,
            "W": 0.0
        },
        "Scale": {
            "X": 0.1000000536441803,
            "Y": 0.10000000149011612,
            "Z": 0.1000000536441803
        }
    },
    "RightHandIKTarget": {
        "Position": {
            "X": -0.4259999990463257,
            "Y": 0.10000000149011612,
            "Z": -0.5120000243186951
        },
        "Rotation": {
            "X": 0.0,
            "Y": 1.0,
            "Z": 0.0,
            "W": 0.0
        },
        "Scale": {
            "X": 0.1000000536441803,
            "Y": 0.10000000149011612,
            "Z": 0.1000000536441803
        }
    },
    "LeftFootIKTarget": {
        "Position": {
            "X": 0.10000000149011612,
            "Y": 0.210999995470047,
            "Z": 0.024000000208616258
        },
        "Rotation": {
            "X": 0.0,
            "Y": 0.9460039138793945,
            "Z": -0.3241552710533142,
            "W": 0.0
        },
        "Scale": {
            "X": 0.20000000298023225,
            "Y": 0.20000000298023225,
            "Z": 0.20000000298023225
        }
    },
    "RightFootIKTarget": {
        "Position": {
            "X": -0.10000000149011612,
            "Y": 0.2150000035762787,
            "Z": 0.008999999612569809
        },
        "Rotation": {
            "X": 0.0,
            "Y": 0.8758476972579956,
            "Z": -0.482587605714798,
            "W": 0.0
        },
        "Scale": {
            "X": 0.20000000298023225,
            "Y": 0.20000000298023225,
            "Z": 0.20000000298023225
        }
    },
    "LeftHandIKPole": {
        "Position": {
            "X": 0.6690001487731934,
            "Y": 0.23800000548362733,
            "Z": -0.5690000057220459
        },
        "Rotation": {
            "X": 0.0,
            "Y": 1.0,
            "Z": 0.0,
            "W": 0.0
        },
        "Scale": {
            "X": 1.0,
            "Y": 1.0,
            "Z": 1.0
        }
    },
    "RightHandIKPole": {
        "Position": {
            "X": -0.757000207901001,
            "Y": 0.23800000548362733,
            "Z": -0.5049999952316284
        },
        "Rotation": {
            "X": 0.0,
            "Y": 0.0,
            "Z": 0.0,
            "W": 1.0
        },
        "Scale": {
            "X": 1.0,
            "Y": 1.0,
            "Z": 1.0
        }
    },
    "LeftFootIKPole": {
        "Position": {
            "X": 0.2199999988079071,
            "Y": 0.36060163378715517,
            "Z": -0.5985908508300781
        },
        "Rotation": {
            "X": 0.0,
            "Y": 0.9460039138793945,
            "Z": -0.3241552710533142,
            "W": 0.0
        },
        "Scale": {
            "X": 0.5,
            "Y": 0.5,
            "Z": 0.5
        }
    },
    "RightFootIKPole": {
        "Position": {
            "X": -0.3579999804496765,
            "Y": 0.3145425319671631,
            "Z": -0.48171302676200869
        },
        "Rotation": {
            "X": 0.0,
            "Y": 0.8758476972579956,
            "Z": -0.482587605714798,
            "W": 0.0
        },
        "Scale": {
            "X": 0.5,
            "Y": 0.5,
            "Z": 0.5
        }
    }
}