{
    "PoseName": "Crow",
    "RootControl": {
        "Position": {
            "X": 0.0,
            "Y": 0.0,
            "Z": 0.0
        },
        "Rotation": {
            "X": 0.0,
            "Y": 0.4305917024612427,
            "Z": -0.9025468826293945,
            "W": 0.0
        },
        "Scale": {
            "X": 1.0,
            "Y": 1.0,
            "Z": 1.0
        }
    },
    "CenterOfMass": {
        "Position": {
            "X": 0.0,
            "Y": 0.06123638153076172,
            "Z": -0.8922759890556336
        },
        "Rotation": {
            "X": 0.0,
            "Y": 0.6365895867347717,
            "Z": -0.771202802658081,
            "W": 0.0
        },
        "Scale": {
            "X": 1.0,
            "Y": 1.0,
            "Z": 1.0
        }
    },
    "LookAtTarget": {
        "Position": {
            "X": 0.0,
            "Y": -1.2874727249145508,
            "Z": -1.5638549327850342
        },
        "Rotation": {
            "X": 0.0,
            "Y": 0.6365895867347717,
            "Z": -0.771202802658081,
            "W": 0.0
        },
        "Scale": {
            "X": 1.0,
            "Y": 1.0,
            "Z": 1.0
        }
    },
    "HeadControl": {
        "Position": {
            "X": 0.0,
            "Y": -1.0148701667785645,
            "Z": -1.2537177801132203
        },
        "Rotation": {
            "X": 0.0,
            "Y": 0.4305917024612427,
            "Z": -0.9025468826293945,
            "W": 0.0
        },
        "Scale": {
            "X": 1.0,
            "Y": 1.0,
            "Z": 1.0
        }
    },
    "NeckControl": {
        "Position": {
            "X": 0.0,
            "Y": -0.9343348741531372,
            "Z": -1.154228687286377
        },
        "Rotation": {
            "X": 0.0,
            "Y": 0.4305917024612427,
            "Z": -0.9025468826293945,
            "W": 0.0
        },
        "Scale": {
            "X": 1.0,
            "Y": 1.0,
            "Z": 1.0
        }
    },
    "ChestControl": {
        "Position": {
            "X": 0.0,
            "Y": -0.7852188348770142,
            "Z": -0.9700185060501099
        },
        "Rotation": {
            "X": 0.0,
            "Y": 0.4305917024612427,
            "Z": -0.9025468826293945,
            "W": 0.0
        },
        "Scale": {
            "X": 1.0,
            "Y": 1.0,
            "Z": 1.0
        }
    },
    "HipsControl": {
        "Position": {
            "X": 0.0,
            "Y": -0.6386194229125977,
            "Z": -0.7889172434806824
        },
        "Rotation": {
            "X": 0.0,
            "Y": 0.4305917024612427,
            "Z": -0.9025468826293945,
            "W": 0.0
        },
        "Scale": {
            "X": 1.0,
            "Y": 1.0,
            "Z": 1.0
        }
    },
    "LeftHandIKTarget": {
        "Position": {
            "X": 0.16699999570846559,
            "Y": 0.05709940195083618,
            "Z": -1.2851917743682862
        },
        "Rotation": {
            "X": 0.036269839853048328,
            "Y": -0.9952172636985779,
            "Z": -0.09033653140068054,
            "W": 0.00815946888178587
        },
        "Scale": {
            "X": 1.0,
            "Y": 1.0,
            "Z": 1.0
        }
    },
    "RightHandIKTarget": {
        "Position": {
            "X": -0.11299999803304672,
            "Y": 0.05680328607559204,
            "Z": -1.282378911972046
        },
        "Rotation": {
            "X": 0.0373041033744812,
            "Y": 0.9978381395339966,
            "Z": 0.04291898012161255,
            "W": 0.032948851585388187
        },
        "Scale": {
            "X": 1.0,
            "Y": 1.0,
            "Z": 1.0
        }
    },
    "LeftFootIKTarget": {
        "Position": {
            "X": 0.31200000643730166,
            "Y": 0.1178293228149414,
            "Z": -0.9908367991447449
        },
        "Rotation": {
            "X": 0.0,
            "Y": 0.8575461506843567,
            "Z": -0.5144071578979492,
            "W": 0.0
        },
        "Scale": {
            "X": 1.0,
            "Y": 1.0,
            "Z": 1.0
        }
    },
    "RightFootIKTarget": {
        "Position": {
            "X": -0.28600001335144045,
            "Y": 0.37224745750427248,
            "Z": -0.9896469712257385
        },
        "Rotation": {
            "X": 0.0,
            "Y": 0.7717832326889038,
            "Z": -0.6358858346939087,
            "W": 0.0
        },
        "Scale": {
            "X": 1.0,
            "Y": 1.0,
            "Z": 1.0
        }
    },
    "LeftHandIKPole": {
        "Position": {
            "X": 0.8081120848655701,
            "Y": 0.22890233993530274,
            "Z": -0.975926399230957
        },
        "Rotation": {
            "X": 0.036269839853048328,
            "Y": -0.9952172636985779,
            "Z": -0.09033653140068054,
            "W": 0.00815946888178587
        },
        "Scale": {
            "X": 1.0,
            "Y": 1.0,
            "Z": 1.0
        }
    },
    "RightHandIKPole": {
        "Position": {
            "X": -0.594260036945343,
            "Y": 0.3019891381263733,
            "Z": -0.6937204599380493
        },
        "Rotation": {
            "X": 0.0373041033744812,
            "Y": 0.9978381395339966,
            "Z": 0.04291898012161255,
            "W": 0.032948851585388187
        },
        "Scale": {
            "X": 1.0,
            "Y": 1.0,
            "Z": 1.0
        }
    },
    "LeftFootIKPole": {
        "Position": {
            "X": 1.3489999771118165,
            "Y": 0.8227405548095703,
            "Z": -2.554044246673584
        },
        "Rotation": {
            "X": 0.0,
            "Y": 0.8575461506843567,
            "Z": -0.5144071578979492,
            "W": 0.0
        },
        "Scale": {
            "X": 1.0,
            "Y": 1.0,
            "Z": 1.0
        }
    },
    "RightFootIKPole": {
        "Position": {
            "X": -0.8980000019073486,
            "Y": 0.06833195686340332,
            "Z": -1.9342303276062012
        },
        "Rotation": {
            "X": 0.0,
            "Y": 0.7717832326889038,
            "Z": -0.6358858346939087,
            "W": 0.0
        },
        "Scale": {
            "X": 1.0,
            "Y": 1.0,
            "Z": 1.0
        }
    }
}