{
    "PoseName": "DancerLeg.R",
    "LookAtTarget": {
        "Position": {
            "X": 0.0,
            "Y": 1.7000000476837159,
            "Z": -0.5
        },
        "Rotation": {
            "X": 0.0,
            "Y": 1.0,
            "Z": 0.0,
            "W": 0.0
        },
        "Scale": {
            "X": 0.20000000298023225,
            "Y": 0.20000000298023225,
            "Z": 0.20000000298023225
        }
    },
    "HeadControl": {
        "Position": {
            "X": -0.0064588626846671108,
            "Y": 1.6055552959442139,
            "Z": -0.010105212219059468
        },
        "Rotation": {
            "X": 0.0,
            "Y": 1.0,
            "Z": 0.0,
            "W": 0.0
        },
        "Scale": {
            "X": 0.25,
            "Y": 0.05000000074505806,
            "Z": 0.25
        }
    },
    "NeckControl": {
        "Position": {
            "X": -0.0032217225525528194,
            "Y": 1.5099635124206544,
            "Z": 0.004496503155678511
        },
        "Rotation": {
            "X": 0.0,
            "Y": 1.0,
            "Z": 0.0,
            "W": 0.0
        },
        "Scale": {
            "X": 0.125,
            "Y": 0.05000000074505806,
            "Z": 0.125
        }
    },
    "ChestControl": {
        "Position": {
            "X": 0.0006909832009114325,
            "Y": 1.2504233121871949,
            "Z": -0.027162063866853715
        },
        "Rotation": {
            "X": 0.0,
            "Y": 1.0,
            "Z": 0.0,
            "W": 0.0
        },
        "Scale": {
            "X": 0.3499999940395355,
            "Y": 0.05000000074505806,
            "Z": 0.3499999940395355
        }
    },
    "HipsControl": {
        "Position": {
            "X": 0.0,
            "Y": 1.0,
            "Z": 0.0
        },
        "Rotation": {
            "X": 0.0,
            "Y": 1.0,
            "Z": 0.0,
            "W": 0.0
        },
        "Scale": {
            "X": 0.4000000059604645,
            "Y": 0.05000000074505806,
            "Z": 0.3499999940395355
        }
    },
    "LeftHandIKTarget": {
        "Position": {
            "X": 0.20252153277397157,
            "Y": 1.9229999780654908,
            "Z": -0.0838639885187149
        },
        "Rotation": {
            "X": 0.14508014917373658,
            "Y": 0.7862936854362488,
            "Z": 0.4502161741256714,
            "W": -0.397491455078125
        },
        "Scale": {
            "X": 0.1000000536441803,
            "Y": 0.10000000149011612,
            "Z": 0.1000000536441803
        }
    },
    "RightHandIKTarget": {
        "Position": {
            "X": -0.39280232787132265,
            "Y": 1.6430000066757203,
            "Z": -0.47600001096725466
        },
        "Rotation": {
            "X": -0.9657249450683594,
            "Y": 0.0791790783405304,
            "Z": -0.020199663937091829,
            "W": 0.24636957049369813
        },
        "Scale": {
            "X": 0.1000000536441803,
            "Y": 0.10000000149011612,
            "Z": 0.1000000536441803
        }
    },
    "LeftFootIKTarget": {
        "Position": {
            "X": 0.10000000149011612,
            "Y": 0.0,
            "Z": 0.0
        },
        "Rotation": {
            "X": 0.0,
            "Y": 1.0,
            "Z": 0.0,
            "W": 0.0
        },
        "Scale": {
            "X": 0.20000000298023225,
            "Y": 0.20000000298023225,
            "Z": 0.20000000298023225
        }
    },
    "RightFootIKTarget": {
        "Position": {
            "X": -0.10000000149011612,
            "Y": 1.253000020980835,
            "Z": 0.5370000004768372
        },
        "Rotation": {
            "X": 0.0,
            "Y": -0.5413677096366882,
            "Z": -0.8407859206199646,
            "W": 0.0
        },
        "Scale": {
            "X": 0.20000000298023225,
            "Y": 0.20000000298023225,
            "Z": 0.20000000298023225
        }
    },
    "LeftHandIKPole": {
        "Position": {
            "X": 0.5277737975120544,
            "Y": 1.737115740776062,
            "Z": -0.3992435932159424
        },
        "Rotation": {
            "X": 0.14508014917373658,
            "Y": 0.7862936854362488,
            "Z": 0.4502161741256714,
            "W": -0.397491455078125
        },
        "Scale": {
            "X": 1.0,
            "Y": 1.0,
            "Z": 1.0
        }
    },
    "RightHandIKPole": {
        "Position": {
            "X": -0.6429359316825867,
            "Y": 1.300466775894165,
            "Z": -0.4354623258113861
        },
        "Rotation": {
            "X": -0.020199663937091829,
            "Y": -0.24636957049369813,
            "Z": 0.9657249450683594,
            "W": 0.0791790783405304
        },
        "Scale": {
            "X": 1.0,
            "Y": 1.0,
            "Z": 1.0
        }
    },
    "LeftFootIKPole": {
        "Position": {
            "X": 0.10000000149011612,
            "Y": 0.5,
            "Z": -0.1250000149011612
        },
        "Rotation": {
            "X": 0.0,
            "Y": 1.0,
            "Z": 0.0,
            "W": 0.0
        },
        "Scale": {
            "X": 0.5,
            "Y": 0.5,
            "Z": 0.5
        }
    },
    "RightFootIKPole": {
        "Position": {
            "X": -0.10000000149011612,
            "Y": 1.026535987854004,
            "Z": 1.2623040676116944
        },
        "Rotation": {
            "X": 0.0,
            "Y": -0.5413677096366882,
            "Z": -0.8407859206199646,
            "W": 0.0
        },
        "Scale": {
            "X": 0.5,
            "Y": 0.5,
            "Z": 0.5
        }
    }
}