{
    "PoseName": "DownwardDuck04",
    "RootControl": {
        "Position": {
            "X": 0.0,
            "Y": 0.0,
            "Z": 0.0
        },
        "Rotation": {
            "X": 0.0,
            "Y": 0.4305917024612427,
            "Z": -0.9025468826293945,
            "W": 0.0
        },
        "Scale": {
            "X": 1.0,
            "Y": 1.0,
            "Z": 1.0
        }
    },
    "CenterOfMass": {
        "Position": {
            "X": 0.0,
            "Y": 0.01578599214553833,
            "Z": -0.8927950859069824
        },
        "Rotation": {
            "X": 0.0,
            "Y": 0.6673980951309204,
            "Z": -0.7447012066841126,
            "W": 0.0
        },
        "Scale": {
            "X": 1.0,
            "Y": 1.0,
            "Z": 1.0
        }
    },
    "LookAtTarget": {
        "Position": {
            "X": 0.0,
            "Y": -0.3377652168273926,
            "Z": -1.364017367362976
        },
        "Rotation": {
            "X": 0.0,
            "Y": 0.6673980951309204,
            "Z": -0.7447012066841126,
            "W": 0.0
        },
        "Scale": {
            "X": 1.0,
            "Y": 1.0,
            "Z": 1.0
        }
    },
    "HeadControl": {
        "Position": {
            "X": 0.0,
            "Y": -1.0148701667785645,
            "Z": -1.2537177801132203
        },
        "Rotation": {
            "X": 0.0,
            "Y": 0.4305917024612427,
            "Z": -0.9025468826293945,
            "W": 0.0
        },
        "Scale": {
            "X": 1.0,
            "Y": 1.0,
            "Z": 1.0
        }
    },
    "NeckControl": {
        "Position": {
            "X": 0.0,
            "Y": -0.9343348741531372,
            "Z": -1.154228687286377
        },
        "Rotation": {
            "X": 0.0,
            "Y": 0.4305917024612427,
            "Z": -0.9025468826293945,
            "W": 0.0
        },
        "Scale": {
            "X": 1.0,
            "Y": 1.0,
            "Z": 1.0
        }
    },
    "ChestControl": {
        "Position": {
            "X": 0.0,
            "Y": -0.7852188348770142,
            "Z": -0.9700185060501099
        },
        "Rotation": {
            "X": 0.0,
            "Y": 0.4305917024612427,
            "Z": -0.9025468826293945,
            "W": 0.0
        },
        "Scale": {
            "X": 1.0,
            "Y": 1.0,
            "Z": 1.0
        }
    },
    "HipsControl": {
        "Position": {
            "X": 0.0,
            "Y": -0.6386194229125977,
            "Z": -0.7889172434806824
        },
        "Rotation": {
            "X": 0.0,
            "Y": 0.4305917024612427,
            "Z": -0.9025468826293945,
            "W": 0.0
        },
        "Scale": {
            "X": 1.0,
            "Y": 1.0,
            "Z": 1.0
        }
    },
    "LeftHandIKTarget": {
        "Position": {
            "X": 0.16699999570846559,
            "Y": 0.05709940195083618,
            "Z": -1.2851917743682862
        },
        "Rotation": {
            "X": 0.036269839853048328,
            "Y": -0.9952172636985779,
            "Z": -0.09033653140068054,
            "W": 0.00815946888178587
        },
        "Scale": {
            "X": 1.0,
            "Y": 1.0,
            "Z": 1.0
        }
    },
    "RightHandIKTarget": {
        "Position": {
            "X": -0.11299999803304672,
            "Y": 0.05680328607559204,
            "Z": -1.282378911972046
        },
        "Rotation": {
            "X": 0.0373041033744812,
            "Y": 0.9978381395339966,
            "Z": 0.04291898012161255,
            "W": 0.032948851585388187
        },
        "Scale": {
            "X": 1.0,
            "Y": 1.0,
            "Z": 1.0
        }
    },
    "LeftFootIKTarget": {
        "Position": {
            "X": 0.35199999809265139,
            "Y": 0.16310042142868043,
            "Z": -1.265499472618103
        },
        "Rotation": {
            "X": 0.0,
            "Y": 0.978940486907959,
            "Z": -0.20414608716964723,
            "W": 0.0
        },
        "Scale": {
            "X": 1.0,
            "Y": 1.0,
            "Z": 1.0
        }
    },
    "RightFootIKTarget": {
        "Position": {
            "X": -0.28600001335144045,
            "Y": 0.17309296131134034,
            "Z": -1.2388505935668946
        },
        "Rotation": {
            "X": 0.0,
            "Y": 0.9787001013755798,
            "Z": -0.20529532432556153,
            "W": 0.0
        },
        "Scale": {
            "X": 1.0,
            "Y": 1.0,
            "Z": 1.0
        }
    },
    "LeftHandIKPole": {
        "Position": {
            "X": 0.8081120848655701,
            "Y": 0.22890233993530274,
            "Z": -0.975926399230957
        },
        "Rotation": {
            "X": 0.036269839853048328,
            "Y": -0.9952172636985779,
            "Z": -0.09033653140068054,
            "W": 0.00815946888178587
        },
        "Scale": {
            "X": 1.0,
            "Y": 1.0,
            "Z": 1.0
        }
    },
    "RightHandIKPole": {
        "Position": {
            "X": -0.594260036945343,
            "Y": 0.3019891381263733,
            "Z": -0.6937204599380493
        },
        "Rotation": {
            "X": 0.0373041033744812,
            "Y": 0.9978381395339966,
            "Z": 0.04291898012161255,
            "W": 0.032948851585388187
        },
        "Scale": {
            "X": 1.0,
            "Y": 1.0,
            "Z": 1.0
        }
    },
    "LeftFootIKPole": {
        "Position": {
            "X": 0.4020000100135803,
            "Y": 0.5414860248565674,
            "Z": -1.6486762762069703
        },
        "Rotation": {
            "X": 0.0,
            "Y": 0.978940486907959,
            "Z": -0.20414608716964723,
            "W": 0.0
        },
        "Scale": {
            "X": 1.0,
            "Y": 1.0,
            "Z": 1.0
        }
    },
    "RightFootIKPole": {
        "Position": {
            "X": -0.3360000252723694,
            "Y": 0.5505777597427368,
            "Z": -1.6229147911071778
        },
        "Rotation": {
            "X": 0.0,
            "Y": 0.9787001013755798,
            "Z": -0.20529532432556153,
            "W": 0.0
        },
        "Scale": {
            "X": 1.0,
            "Y": 1.0,
            "Z": 1.0
        }
    }
}