{
    "PoseName": "EstocadaFrontal_90",
    "RootControl": {
        "Position": {
            "X": 0.0,
            "Y": 0.0,
            "Z": 0.0
        },
        "Rotation": {
            "X": 0.0,
            "Y": 1.0,
            "Z": 0.0,
            "W": 0.0
        },
        "Scale": {
            "X": 1.0,
            "Y": 1.0,
            "Z": 1.0
        }
    },
    "CenterOfMass": {
        "Position": {
            "X": 0.0,
            "Y": 0.6499999761581421,
            "Z": -0.48899999260902407
        },
        "Rotation": {
            "X": 0.0,
            "Y": 1.0,
            "Z": 0.0,
            "W": 0.0
        },
        "Scale": {
            "X": 1.0,
            "Y": 1.0,
            "Z": 1.0
        }
    },
    "LookAtTarget": {
        "Position": {
            "X": 0.0,
            "Y": 1.156999945640564,
            "Z": -0.7890000343322754
        },
        "Rotation": {
            "X": 0.0,
            "Y": 1.0,
            "Z": 0.0,
            "W": 0.0
        },
        "Scale": {
            "X": 1.0,
            "Y": 1.0,
            "Z": 1.0
        }
    },
    "HeadControl": {
        "Position": {
            "X": -0.0009117051959037781,
            "Y": 1.167876958847046,
            "Z": -0.4178619980812073
        },
        "Rotation": {
            "X": 0.0,
            "Y": 1.0,
            "Z": 0.0,
            "W": 0.0
        },
        "Scale": {
            "X": 1.0,
            "Y": 1.0,
            "Z": 1.0
        }
    },
    "NeckControl": {
        "Position": {
            "X": -0.0018200178164988757,
            "Y": 1.0722612142562867,
            "Z": -0.4030873775482178
        },
        "Rotation": {
            "X": 0.0,
            "Y": 1.0,
            "Z": 0.0,
            "W": 0.0
        },
        "Scale": {
            "X": 1.0,
            "Y": 1.0,
            "Z": 1.0
        }
    },
    "ChestControl": {
        "Position": {
            "X": -0.0010063868248835207,
            "Y": 0.816777229309082,
            "Z": -0.45881885290145876
        },
        "Rotation": {
            "X": 0.0,
            "Y": 1.0,
            "Z": 0.0,
            "W": 0.0
        },
        "Scale": {
            "X": 1.0,
            "Y": 1.0,
            "Z": 1.0
        }
    },
    "HipsControl": {
        "Position": {
            "X": -0.0011943073477596045,
            "Y": 0.6122459173202515,
            "Z": -0.47538110613822939
        },
        "Rotation": {
            "X": 0.0,
            "Y": 1.0,
            "Z": 0.0,
            "W": 0.0
        },
        "Scale": {
            "X": 1.0,
            "Y": 1.0,
            "Z": 1.0
        }
    },
    "LeftHandIKTarget": {
        "Position": {
            "X": 0.027000000700354577,
            "Y": 0.9599999785423279,
            "Z": -0.5170000195503235
        },
        "Rotation": {
            "X": -0.44044241309165957,
            "Y": -0.5041247606277466,
            "Z": 0.09015537798404694,
            "W": 0.7373877167701721
        },
        "Scale": {
            "X": 1.0,
            "Y": 1.0,
            "Z": 1.0
        }
    },
    "RightHandIKTarget": {
        "Position": {
            "X": 0.019999999552965165,
            "Y": 0.9580000042915344,
            "Z": -0.5460000038146973
        },
        "Rotation": {
            "X": -0.43559879064559939,
            "Y": 0.5044482350349426,
            "Z": 0.006727618630975485,
            "W": 0.7454800009727478
        },
        "Scale": {
            "X": 1.0,
            "Y": 1.0,
            "Z": 1.0
        }
    },
    "LeftFootIKTarget": {
        "Position": {
            "X": 0.10000000149011612,
            "Y": 0.0,
            "Z": -0.8930000066757202
        },
        "Rotation": {
            "X": 0.0,
            "Y": 1.0,
            "Z": 0.0,
            "W": 0.0
        },
        "Scale": {
            "X": 1.0,
            "Y": 1.0,
            "Z": 1.0
        }
    },
    "RightFootIKTarget": {
        "Position": {
            "X": -0.10000000149011612,
            "Y": 0.1120000034570694,
            "Z": 0.0
        },
        "Rotation": {
            "X": -0.0008429815643467009,
            "Y": 0.8646849393844605,
            "Z": -0.49995261430740359,
            "W": -0.048648349940776828
        },
        "Scale": {
            "X": 1.0,
            "Y": 1.0,
            "Z": 1.0
        }
    },
    "LeftHandIKPole": {
        "Position": {
            "X": 0.10734032839536667,
            "Y": 0.7907935976982117,
            "Z": -0.8867899179458618
        },
        "Rotation": {
            "X": -0.44044241309165957,
            "Y": -0.5041247606277466,
            "Z": 0.09015537798404694,
            "W": 0.7373877167701721
        },
        "Scale": {
            "X": 1.0,
            "Y": 1.0,
            "Z": 1.0
        }
    },
    "RightHandIKPole": {
        "Position": {
            "X": -0.4574241638183594,
            "Y": 0.8943584561347961,
            "Z": -0.8772414326667786
        },
        "Rotation": {
            "X": -0.43559879064559939,
            "Y": 0.5044482350349426,
            "Z": 0.006727618630975485,
            "W": 0.7454800009727478
        },
        "Scale": {
            "X": 1.0,
            "Y": 1.0,
            "Z": 1.0
        }
    },
    "LeftFootIKPole": {
        "Position": {
            "X": 0.15000000596046449,
            "Y": 0.5,
            "Z": -1.093000054359436
        },
        "Rotation": {
            "X": 0.0,
            "Y": 1.0,
            "Z": 0.0,
            "W": 0.0
        },
        "Scale": {
            "X": 1.0,
            "Y": 1.0,
            "Z": 1.0
        }
    },
    "RightFootIKPole": {
        "Position": {
            "X": -0.19694411754608155,
            "Y": -0.45606470108032229,
            "Z": -0.231606125831604
        },
        "Rotation": {
            "X": -0.0008429815643467009,
            "Y": 0.8646849393844605,
            "Z": -0.49995261430740359,
            "W": -0.048648349940776828
        },
        "Scale": {
            "X": 1.0,
            "Y": 1.0,
            "Z": 1.0
        }
    }
}