{
    "PoseName": "EstocadaFrontal_Mid",
    "RootControl": {
        "Position": {
            "X": 0.0,
            "Y": 0.0,
            "Z": 0.0
        },
        "Rotation": {
            "X": 0.0,
            "Y": 1.0,
            "Z": 0.0,
            "W": 0.0
        },
        "Scale": {
            "X": 1.0,
            "Y": 1.0,
            "Z": 1.0
        }
    },
    "CenterOfMass": {
        "Position": {
            "X": 0.0,
            "Y": 0.7250000238418579,
            "Z": -0.38499999046325686
        },
        "Rotation": {
            "X": 0.0,
            "Y": 0.9994526505470276,
            "Z": 0.03308240696787834,
            "W": 0.0
        },
        "Scale": {
            "X": 1.0,
            "Y": 1.0,
            "Z": 1.0
        }
    },
    "LookAtTarget": {
        "Position": {
            "X": 0.0,
            "Y": 1.2507288455963135,
            "Z": -0.6508162021636963
        },
        "Rotation": {
            "X": 0.0,
            "Y": 0.9994526505470276,
            "Z": 0.03308240696787834,
            "W": 0.0
        },
        "Scale": {
            "X": 1.0,
            "Y": 1.0,
            "Z": 1.0
        }
    },
    "HeadControl": {
        "Position": {
            "X": -0.0016994209727272392,
            "Y": 1.2372820377349854,
            "Z": -0.276623010635376
        },
        "Rotation": {
            "X": 0.0,
            "Y": 1.0,
            "Z": 0.0,
            "W": 0.0
        },
        "Scale": {
            "X": 1.0,
            "Y": 1.0,
            "Z": 1.0
        }
    },
    "NeckControl": {
        "Position": {
            "X": -0.0009717538487166166,
            "Y": 1.1405600309371949,
            "Z": -0.2742185592651367
        },
        "Rotation": {
            "X": 0.0,
            "Y": 1.0,
            "Z": 0.0,
            "W": 0.0
        },
        "Scale": {
            "X": 1.0,
            "Y": 1.0,
            "Z": 1.0
        }
    },
    "ChestControl": {
        "Position": {
            "X": -0.0006508153164759278,
            "Y": 0.8889657258987427,
            "Z": -0.34548553824424746
        },
        "Rotation": {
            "X": 0.0,
            "Y": 1.0,
            "Z": 0.0,
            "W": 0.0
        },
        "Scale": {
            "X": 1.0,
            "Y": 1.0,
            "Z": 1.0
        }
    },
    "HipsControl": {
        "Position": {
            "X": -0.00037068690289743245,
            "Y": 0.6852906942367554,
            "Z": -0.3730916678905487
        },
        "Rotation": {
            "X": 0.0,
            "Y": 1.0,
            "Z": 0.0,
            "W": 0.0
        },
        "Scale": {
            "X": 1.0,
            "Y": 1.0,
            "Z": 1.0
        }
    },
    "LeftHandIKTarget": {
        "Position": {
            "X": 0.027000000700354577,
            "Y": 0.9825689792633057,
            "Z": -0.4935302734375
        },
        "Rotation": {
            "X": 0.44044244289398196,
            "Y": 0.5041248202323914,
            "Z": -0.09015538543462753,
            "W": -0.7373877763748169
        },
        "Scale": {
            "X": 1.0,
            "Y": 1.0,
            "Z": 1.0
        }
    },
    "RightHandIKTarget": {
        "Position": {
            "X": 0.019999999552965165,
            "Y": 0.9805690050125122,
            "Z": -0.5225302577018738
        },
        "Rotation": {
            "X": 0.43559879064559939,
            "Y": -0.5044482350349426,
            "Z": -0.006727618630975485,
            "W": -0.7454800009727478
        },
        "Scale": {
            "X": 1.0,
            "Y": 1.0,
            "Z": 1.0
        }
    },
    "LeftFootIKTarget": {
        "Position": {
            "X": 0.10000000149011612,
            "Y": 0.22100000083446504,
            "Z": -0.6299999952316284
        },
        "Rotation": {
            "X": 0.0,
            "Y": 0.9066334962844849,
            "Z": -0.42191922664642336,
            "W": 0.0
        },
        "Scale": {
            "X": 1.0,
            "Y": 1.0,
            "Z": 1.0
        }
    },
    "RightFootIKTarget": {
        "Position": {
            "X": -0.10000000149011612,
            "Y": 0.07699999958276749,
            "Z": 0.0
        },
        "Rotation": {
            "X": -0.061816491186618808,
            "Y": 0.9476134181022644,
            "Z": -0.2844160497188568,
            "W": -0.13158680498600007
        },
        "Scale": {
            "X": 1.0,
            "Y": 1.0,
            "Z": 1.0
        }
    },
    "LeftHandIKPole": {
        "Position": {
            "X": 0.10734046250581742,
            "Y": 0.8133623600006104,
            "Z": -0.8633204698562622
        },
        "Rotation": {
            "X": 0.44044244289398196,
            "Y": 0.5041248202323914,
            "Z": -0.09015537798404694,
            "W": -0.7373877763748169
        },
        "Scale": {
            "X": 1.0,
            "Y": 1.0,
            "Z": 1.0
        }
    },
    "RightHandIKPole": {
        "Position": {
            "X": -0.4574241638183594,
            "Y": 0.9169273972511292,
            "Z": -0.8537716865539551
        },
        "Rotation": {
            "X": 0.43559879064559939,
            "Y": -0.5044482350349426,
            "Z": -0.00672761257737875,
            "W": -0.7454800009727478
        },
        "Scale": {
            "X": 1.0,
            "Y": 1.0,
            "Z": 1.0
        }
    },
    "LeftFootIKPole": {
        "Position": {
            "X": 0.15000000596046449,
            "Y": 0.3899737000465393,
            "Z": -1.141319751739502
        },
        "Rotation": {
            "X": 0.0,
            "Y": 0.9066334962844849,
            "Z": -0.42191922664642336,
            "W": 0.0
        },
        "Scale": {
            "X": 1.0,
            "Y": 1.0,
            "Z": 1.0
        }
    },
    "RightFootIKPole": {
        "Position": {
            "X": -0.25568586587905886,
            "Y": -0.3062422573566437,
            "Z": -0.39443239569664
        },
        "Rotation": {
            "X": -0.061816491186618808,
            "Y": 0.9476134181022644,
            "Z": -0.2844160497188568,
            "W": -0.13158680498600007
        },
        "Scale": {
            "X": 1.0,
            "Y": 1.0,
            "Z": 1.0
        }
    }
}