{
    "PoseName": "FireFly02",
    "RootControl": {
        "Position": {
            "X": 0.0,
            "Y": 0.0,
            "Z": 0.0
        },
        "Rotation": {
            "X": 0.0,
            "Y": 0.4305917024612427,
            "Z": -0.9025468826293945,
            "W": 0.0
        },
        "Scale": {
            "X": 1.0,
            "Y": 1.0,
            "Z": 1.0
        }
    },
    "CenterOfMass": {
        "Position": {
            "X": 0.0,
            "Y": -0.7457289695739746,
            "Z": -0.8926262855529785
        },
        "Rotation": {
            "X": 0.0,
            "Y": 0.8423497676849365,
            "Z": -0.5389313101768494,
            "W": 0.0
        },
        "Scale": {
            "X": 1.0,
            "Y": 1.0,
            "Z": 1.0
        }
    },
    "LookAtTarget": {
        "Position": {
            "X": 0.0,
            "Y": -1.4490480422973633,
            "Z": -2.2250590324401857
        },
        "Rotation": {
            "X": 0.0,
            "Y": 0.8423497676849365,
            "Z": -0.5389313101768494,
            "W": 0.0
        },
        "Scale": {
            "X": 1.0,
            "Y": 1.0,
            "Z": 1.0
        }
    },
    "HeadControl": {
        "Position": {
            "X": 0.0,
            "Y": -1.0148701667785645,
            "Z": -1.2537177801132203
        },
        "Rotation": {
            "X": 0.0,
            "Y": 0.4305917024612427,
            "Z": -0.9025468826293945,
            "W": 0.0
        },
        "Scale": {
            "X": 1.0,
            "Y": 1.0,
            "Z": 1.0
        }
    },
    "NeckControl": {
        "Position": {
            "X": 0.0,
            "Y": -0.9343348741531372,
            "Z": -1.154228687286377
        },
        "Rotation": {
            "X": 0.0,
            "Y": 0.4305917024612427,
            "Z": -0.9025468826293945,
            "W": 0.0
        },
        "Scale": {
            "X": 1.0,
            "Y": 1.0,
            "Z": 1.0
        }
    },
    "ChestControl": {
        "Position": {
            "X": 0.0,
            "Y": -0.7852188348770142,
            "Z": -0.9700185060501099
        },
        "Rotation": {
            "X": 0.0,
            "Y": 0.4305917024612427,
            "Z": -0.9025468826293945,
            "W": 0.0
        },
        "Scale": {
            "X": 1.0,
            "Y": 1.0,
            "Z": 1.0
        }
    },
    "HipsControl": {
        "Position": {
            "X": 0.0,
            "Y": -0.6386194229125977,
            "Z": -0.7889172434806824
        },
        "Rotation": {
            "X": 0.0,
            "Y": 0.4305917024612427,
            "Z": -0.9025468826293945,
            "W": 0.0
        },
        "Scale": {
            "X": 1.0,
            "Y": 1.0,
            "Z": 1.0
        }
    },
    "LeftHandIKTarget": {
        "Position": {
            "X": 0.16699999570846559,
            "Y": 0.05709940195083618,
            "Z": -1.2851917743682862
        },
        "Rotation": {
            "X": 0.036269839853048328,
            "Y": -0.9952172636985779,
            "Z": -0.09033653140068054,
            "W": 0.00815946888178587
        },
        "Scale": {
            "X": 1.0,
            "Y": 1.0,
            "Z": 1.0
        }
    },
    "RightHandIKTarget": {
        "Position": {
            "X": -0.11299999803304672,
            "Y": 0.05680328607559204,
            "Z": -1.282378911972046
        },
        "Rotation": {
            "X": 0.0373041033744812,
            "Y": 0.9978381395339966,
            "Z": 0.04291898012161255,
            "W": 0.032948851585388187
        },
        "Scale": {
            "X": 1.0,
            "Y": 1.0,
            "Z": 1.0
        }
    },
    "LeftFootIKTarget": {
        "Position": {
            "X": 0.5189999938011169,
            "Y": 0.5723468065261841,
            "Z": -1.6611082553863526
        },
        "Rotation": {
            "X": 0.0,
            "Y": 0.7864410281181336,
            "Z": 0.6176654100418091,
            "W": 0.0
        },
        "Scale": {
            "X": 1.0,
            "Y": 1.0,
            "Z": 1.0
        }
    },
    "RightFootIKTarget": {
        "Position": {
            "X": -0.4740000069141388,
            "Y": 0.48633265495300295,
            "Z": -1.7085591554641724
        },
        "Rotation": {
            "X": 0.0,
            "Y": 0.6721334457397461,
            "Z": 0.7404301166534424,
            "W": 0.0
        },
        "Scale": {
            "X": 1.0,
            "Y": 1.0,
            "Z": 1.0
        }
    },
    "LeftHandIKPole": {
        "Position": {
            "X": 0.8081120848655701,
            "Y": 0.22890233993530274,
            "Z": -0.975926399230957
        },
        "Rotation": {
            "X": 0.036269839853048328,
            "Y": -0.9952172636985779,
            "Z": -0.09033653140068054,
            "W": 0.00815946888178587
        },
        "Scale": {
            "X": 1.0,
            "Y": 1.0,
            "Z": 1.0
        }
    },
    "RightHandIKPole": {
        "Position": {
            "X": -0.594260036945343,
            "Y": 0.3019891381263733,
            "Z": -0.6937204599380493
        },
        "Rotation": {
            "X": 0.0373041033744812,
            "Y": 0.9978381395339966,
            "Z": 0.04291898012161255,
            "W": 0.032948851585388187
        },
        "Scale": {
            "X": 1.0,
            "Y": 1.0,
            "Z": 1.0
        }
    },
    "LeftFootIKPole": {
        "Position": {
            "X": 0.03700000047683716,
            "Y": 0.9742138981819153,
            "Z": -1.1065454483032227
        },
        "Rotation": {
            "X": 0.0,
            "Y": 0.7864410281181336,
            "Z": 0.6176654100418091,
            "W": 0.0
        },
        "Scale": {
            "X": 1.0,
            "Y": 1.0,
            "Z": 1.0
        }
    },
    "RightFootIKPole": {
        "Position": {
            "X": -0.2460000067949295,
            "Y": 0.9171253442764282,
            "Z": -1.2709578275680543
        },
        "Rotation": {
            "X": 0.0,
            "Y": 0.6721334457397461,
            "Z": 0.7404301166534424,
            "W": 0.0
        },
        "Scale": {
            "X": 1.0,
            "Y": 1.0,
            "Z": 1.0
        }
    }
}