{
    "PoseName": "LeftHandFront02",
    "RootControl": {
        "Position": {
            "X": 0.0,
            "Y": 0.0,
            "Z": 0.0
        },
        "Rotation": {
            "X": 0.0,
            "Y": 1.0,
            "Z": 0.0,
            "W": 0.0
        },
        "Scale": {
            "X": 1.0,
            "Y": 1.0,
            "Z": 1.0
        }
    },
    "CenterOfMass": {
        "Position": {
            "X": 0.0,
            "Y": 1.100000023841858,
            "Z": 0.0
        },
        "Rotation": {
            "X": 0.0,
            "Y": 1.0,
            "Z": 0.0,
            "W": 0.0
        },
        "Scale": {
            "X": 1.0,
            "Y": 1.0,
            "Z": 1.0
        }
    },
    "LookAtTarget": {
        "Position": {
            "X": 0.0,
            "Y": 1.6069999933242798,
            "Z": -0.30000001192092898
        },
        "Rotation": {
            "X": 0.0,
            "Y": 1.0,
            "Z": 0.0,
            "W": 0.0
        },
        "Scale": {
            "X": 1.0,
            "Y": 1.0,
            "Z": 1.0
        }
    },
    "HeadControl": {
        "Position": {
            "X": -0.0016436728183180094,
            "Y": 1.617146611213684,
            "Z": 0.08209389448165894
        },
        "Rotation": {
            "X": 0.0,
            "Y": 1.0,
            "Z": 0.0,
            "W": 0.0
        },
        "Scale": {
            "X": 1.0,
            "Y": 1.0,
            "Z": 1.0
        }
    },
    "NeckControl": {
        "Position": {
            "X": -0.0024708262644708158,
            "Y": 1.5210288763046265,
            "Z": 0.0931488573551178
        },
        "Rotation": {
            "X": 0.0,
            "Y": 1.0,
            "Z": 0.0,
            "W": 0.0
        },
        "Scale": {
            "X": 1.0,
            "Y": 1.0,
            "Z": 1.0
        }
    },
    "ChestControl": {
        "Position": {
            "X": -0.0000015544937923550606,
            "Y": 1.2675570249557496,
            "Z": 0.02892574854195118
        },
        "Rotation": {
            "X": 0.0,
            "Y": 1.0,
            "Z": 0.0,
            "W": 0.0
        },
        "Scale": {
            "X": 1.0,
            "Y": 1.0,
            "Z": 1.0
        }
    },
    "HipsControl": {
        "Position": {
            "X": 0.0007698156987316906,
            "Y": 1.0636229515075684,
            "Z": 0.00940021499991417
        },
        "Rotation": {
            "X": 0.0,
            "Y": 1.0,
            "Z": 0.0,
            "W": 0.0
        },
        "Scale": {
            "X": 1.0,
            "Y": 1.0,
            "Z": 1.0
        }
    },
    "LeftHandIKTarget": {
        "Position": {
            "X": 0.11500000208616257,
            "Y": 1.3209999799728394,
            "Z": -0.4699999988079071
        },
        "Rotation": {
            "X": 0.0,
            "Y": -0.9999499917030335,
            "Z": 0.0,
            "W": -0.010003040544688702
        },
        "Scale": {
            "X": 1.0,
            "Y": 1.0,
            "Z": 1.0
        }
    },
    "RightHandIKTarget": {
        "Position": {
            "X": -0.289000004529953,
            "Y": 0.8669999837875366,
            "Z": 0.10000000149011612
        },
        "Rotation": {
            "X": -0.47128579020500185,
            "Y": 0.5271524786949158,
            "Z": -0.47128579020500185,
            "W": -0.5271524786949158
        },
        "Scale": {
            "X": 1.0,
            "Y": 1.0,
            "Z": 1.0
        }
    },
    "LeftFootIKTarget": {
        "Position": {
            "X": 0.10000000149011612,
            "Y": 0.0,
            "Z": 0.0
        },
        "Rotation": {
            "X": 0.0,
            "Y": 1.0,
            "Z": 0.0,
            "W": 0.0
        },
        "Scale": {
            "X": 1.0,
            "Y": 1.0,
            "Z": 1.0
        }
    },
    "RightFootIKTarget": {
        "Position": {
            "X": -0.10000000149011612,
            "Y": 0.0,
            "Z": 0.0
        },
        "Rotation": {
            "X": 0.0,
            "Y": 1.0,
            "Z": 0.0,
            "W": 0.0
        },
        "Scale": {
            "X": 1.0,
            "Y": 1.0,
            "Z": 1.0
        }
    },
    "LeftHandIKPole": {
        "Position": {
            "X": 0.30995869636535647,
            "Y": 1.2209999561309815,
            "Z": -0.21604901552200318
        },
        "Rotation": {
            "X": 0.0,
            "Y": -0.9999499917030335,
            "Z": 0.0,
            "W": -0.010003040544688702
        },
        "Scale": {
            "X": 1.0,
            "Y": 1.0,
            "Z": 1.0
        }
    },
    "RightHandIKPole": {
        "Position": {
            "X": -0.488833487033844,
            "Y": 1.1037710905075074,
            "Z": 0.29999998211860659
        },
        "Rotation": {
            "X": -0.47128579020500185,
            "Y": 0.5271524786949158,
            "Z": -0.47128579020500185,
            "W": -0.5271524786949158
        },
        "Scale": {
            "X": 1.0,
            "Y": 1.0,
            "Z": 1.0
        }
    },
    "LeftFootIKPole": {
        "Position": {
            "X": 0.15000000596046449,
            "Y": 0.5,
            "Z": -0.20000000298023225
        },
        "Rotation": {
            "X": 0.0,
            "Y": 1.0,
            "Z": 0.0,
            "W": 0.0
        },
        "Scale": {
            "X": 1.0,
            "Y": 1.0,
            "Z": 1.0
        }
    },
    "RightFootIKPole": {
        "Position": {
            "X": -0.15000000596046449,
            "Y": 0.5,
            "Z": -0.20000000298023225
        },
        "Rotation": {
            "X": 0.0,
            "Y": 1.0,
            "Z": 0.0,
            "W": 0.0
        },
        "Scale": {
            "X": 1.0,
            "Y": 1.0,
            "Z": 1.0
        }
    }
}