{
    "PoseName": "LeftHandFront",
    "RootControl": {
        "Position": {
            "X": 0.0,
            "Y": 0.0,
            "Z": 0.0
        },
        "Rotation": {
            "X": 0.0,
            "Y": 1.0,
            "Z": 0.0,
            "W": 0.0
        },
        "Scale": {
            "X": 1.0,
            "Y": 1.0,
            "Z": 1.0
        }
    },
    "CenterOfMass": {
        "Position": {
            "X": 0.0,
            "Y": 1.100000023841858,
            "Z": 0.0
        },
        "Rotation": {
            "X": 0.0,
            "Y": 1.0,
            "Z": 0.0,
            "W": 0.0
        },
        "Scale": {
            "X": 1.0,
            "Y": 1.0,
            "Z": 1.0
        }
    },
    "LookAtTarget": {
        "Position": {
            "X": 0.0,
            "Y": 1.6069999933242798,
            "Z": -0.30000001192092898
        },
        "Rotation": {
            "X": 0.0,
            "Y": 1.0,
            "Z": 0.0,
            "W": 0.0
        },
        "Scale": {
            "X": 1.0,
            "Y": 1.0,
            "Z": 1.0
        }
    },
    "HeadControl": {
        "Position": {
            "X": -0.001806416898034513,
            "Y": 1.6184282302856446,
            "Z": 0.0735161229968071
        },
        "Rotation": {
            "X": 0.0,
            "Y": 1.0,
            "Z": 0.0,
            "W": 0.0
        },
        "Scale": {
            "X": 1.0,
            "Y": 1.0,
            "Z": 1.0
        }
    },
    "NeckControl": {
        "Position": {
            "X": -0.001026911661028862,
            "Y": 1.522081732749939,
            "Z": 0.08236014097929001
        },
        "Rotation": {
            "X": 0.0,
            "Y": 1.0,
            "Z": 0.0,
            "W": 0.0
        },
        "Scale": {
            "X": 1.0,
            "Y": 1.0,
            "Z": 1.0
        }
    },
    "ChestControl": {
        "Position": {
            "X": -0.0006103136111050844,
            "Y": 1.266194224357605,
            "Z": 0.0285075381398201
        },
        "Rotation": {
            "X": 0.0,
            "Y": 1.0,
            "Z": 0.0,
            "W": 0.0
        },
        "Scale": {
            "X": 1.0,
            "Y": 1.0,
            "Z": 1.0
        }
    },
    "HipsControl": {
        "Position": {
            "X": -0.0003798323159571737,
            "Y": 1.06110417842865,
            "Z": 0.01491083949804306
        },
        "Rotation": {
            "X": 0.0,
            "Y": 1.0,
            "Z": 0.0,
            "W": 0.0
        },
        "Scale": {
            "X": 1.0,
            "Y": 1.0,
            "Z": 1.0
        }
    },
    "LeftHandIKTarget": {
        "Position": {
            "X": 0.17599999904632569,
            "Y": 1.4079999923706055,
            "Z": -0.4699999988079071
        },
        "Rotation": {
            "X": 0.0,
            "Y": -0.9999499917030335,
            "Z": 0.0,
            "W": -0.010003040544688702
        },
        "Scale": {
            "X": 1.0,
            "Y": 1.0,
            "Z": 1.0
        }
    },
    "RightHandIKTarget": {
        "Position": {
            "X": -0.289000004529953,
            "Y": 0.8669999837875366,
            "Z": 0.10000000149011612
        },
        "Rotation": {
            "X": -0.47128579020500185,
            "Y": 0.5271524786949158,
            "Z": -0.47128579020500185,
            "W": -0.5271524786949158
        },
        "Scale": {
            "X": 1.0,
            "Y": 1.0,
            "Z": 1.0
        }
    },
    "LeftFootIKTarget": {
        "Position": {
            "X": 0.10000000149011612,
            "Y": 0.0,
            "Z": 0.0
        },
        "Rotation": {
            "X": 0.0,
            "Y": 1.0,
            "Z": 0.0,
            "W": 0.0
        },
        "Scale": {
            "X": 1.0,
            "Y": 1.0,
            "Z": 1.0
        }
    },
    "RightFootIKTarget": {
        "Position": {
            "X": -0.10000000149011612,
            "Y": 0.0,
            "Z": 0.0
        },
        "Rotation": {
            "X": 0.0,
            "Y": 1.0,
            "Z": 0.0,
            "W": 0.0
        },
        "Scale": {
            "X": 1.0,
            "Y": 1.0,
            "Z": 1.0
        }
    },
    "LeftHandIKPole": {
        "Position": {
            "X": 0.37095868587493899,
            "Y": 1.3079999685287476,
            "Z": -0.21604901552200318
        },
        "Rotation": {
            "X": 0.0,
            "Y": -0.9999499917030335,
            "Z": 0.0,
            "W": -0.010003040544688702
        },
        "Scale": {
            "X": 1.0,
            "Y": 1.0,
            "Z": 1.0
        }
    },
    "RightHandIKPole": {
        "Position": {
            "X": -0.488833487033844,
            "Y": 1.1037710905075074,
            "Z": 0.29999998211860659
        },
        "Rotation": {
            "X": -0.47128579020500185,
            "Y": 0.5271524786949158,
            "Z": -0.47128579020500185,
            "W": -0.5271524786949158
        },
        "Scale": {
            "X": 1.0,
            "Y": 1.0,
            "Z": 1.0
        }
    },
    "LeftFootIKPole": {
        "Position": {
            "X": 0.15000000596046449,
            "Y": 0.5,
            "Z": -0.20000000298023225
        },
        "Rotation": {
            "X": 0.0,
            "Y": 1.0,
            "Z": 0.0,
            "W": 0.0
        },
        "Scale": {
            "X": 1.0,
            "Y": 1.0,
            "Z": 1.0
        }
    },
    "RightFootIKPole": {
        "Position": {
            "X": -0.15000000596046449,
            "Y": 0.5,
            "Z": -0.20000000298023225
        },
        "Rotation": {
            "X": 0.0,
            "Y": 1.0,
            "Z": 0.0,
            "W": 0.0
        },
        "Scale": {
            "X": 1.0,
            "Y": 1.0,
            "Z": 1.0
        }
    }
}