{
    "PoseName": "LeftHandFront03",
    "RootControl": {
        "Position": {
            "X": 0.0,
            "Y": 0.0,
            "Z": 0.0
        },
        "Rotation": {
            "X": 0.0,
            "Y": 1.0,
            "Z": 0.0,
            "W": 0.0
        },
        "Scale": {
            "X": 1.0,
            "Y": 1.0,
            "Z": 1.0
        }
    },
    "CenterOfMass": {
        "Position": {
            "X": 0.0,
            "Y": 1.100000023841858,
            "Z": 0.0
        },
        "Rotation": {
            "X": 0.0,
            "Y": 1.0,
            "Z": 0.0,
            "W": 0.0
        },
        "Scale": {
            "X": 1.0,
            "Y": 1.0,
            "Z": 1.0
        }
    },
    "LookAtTarget": {
        "Position": {
            "X": 0.0,
            "Y": 1.6069999933242798,
            "Z": -0.30000001192092898
        },
        "Rotation": {
            "X": 0.0,
            "Y": 1.0,
            "Z": 0.0,
            "W": 0.0
        },
        "Scale": {
            "X": 1.0,
            "Y": 1.0,
            "Z": 1.0
        }
    },
    "HeadControl": {
        "Position": {
            "X": 0.0011684324126690627,
            "Y": 1.6190897226333619,
            "Z": 0.06339112669229508
        },
        "Rotation": {
            "X": 0.0,
            "Y": 1.0,
            "Z": 0.0,
            "W": 0.0
        },
        "Scale": {
            "X": 1.0,
            "Y": 1.0,
            "Z": 1.0
        }
    },
    "NeckControl": {
        "Position": {
            "X": 0.0006990772089920938,
            "Y": 1.5231366157531739,
            "Z": 0.07581175118684769
        },
        "Rotation": {
            "X": 0.0,
            "Y": 1.0,
            "Z": 0.0,
            "W": 0.0
        },
        "Scale": {
            "X": 1.0,
            "Y": 1.0,
            "Z": 1.0
        }
    },
    "ChestControl": {
        "Position": {
            "X": 0.00005871901521459222,
            "Y": 1.2663533687591553,
            "Z": 0.02640899084508419
        },
        "Rotation": {
            "X": 0.0,
            "Y": 1.0,
            "Z": 0.0,
            "W": 0.0
        },
        "Scale": {
            "X": 1.0,
            "Y": 1.0,
            "Z": 1.0
        }
    },
    "HipsControl": {
        "Position": {
            "X": -0.0005627920036204159,
            "Y": 1.061169147491455,
            "Z": 0.014364257454872132
        },
        "Rotation": {
            "X": 0.0,
            "Y": 1.0,
            "Z": 0.0,
            "W": 0.0
        },
        "Scale": {
            "X": 1.0,
            "Y": 1.0,
            "Z": 1.0
        }
    },
    "LeftHandIKTarget": {
        "Position": {
            "X": 0.11500000208616257,
            "Y": 1.4950000047683716,
            "Z": -0.4699999988079071
        },
        "Rotation": {
            "X": 0.0,
            "Y": -0.9999499917030335,
            "Z": 0.0,
            "W": -0.010003040544688702
        },
        "Scale": {
            "X": 1.0,
            "Y": 1.0,
            "Z": 1.0
        }
    },
    "RightHandIKTarget": {
        "Position": {
            "X": -0.289000004529953,
            "Y": 0.8669999837875366,
            "Z": 0.10000000149011612
        },
        "Rotation": {
            "X": -0.47128579020500185,
            "Y": 0.5271524786949158,
            "Z": -0.47128579020500185,
            "W": -0.5271524786949158
        },
        "Scale": {
            "X": 1.0,
            "Y": 1.0,
            "Z": 1.0
        }
    },
    "LeftFootIKTarget": {
        "Position": {
            "X": 0.10000000149011612,
            "Y": 0.0,
            "Z": 0.0
        },
        "Rotation": {
            "X": 0.0,
            "Y": 1.0,
            "Z": 0.0,
            "W": 0.0
        },
        "Scale": {
            "X": 1.0,
            "Y": 1.0,
            "Z": 1.0
        }
    },
    "RightFootIKTarget": {
        "Position": {
            "X": -0.10000000149011612,
            "Y": 0.0,
            "Z": 0.0
        },
        "Rotation": {
            "X": 0.0,
            "Y": 1.0,
            "Z": 0.0,
            "W": 0.0
        },
        "Scale": {
            "X": 1.0,
            "Y": 1.0,
            "Z": 1.0
        }
    },
    "LeftHandIKPole": {
        "Position": {
            "X": 0.30995869636535647,
            "Y": 1.3949999809265137,
            "Z": -0.21604901552200318
        },
        "Rotation": {
            "X": 0.0,
            "Y": -0.9999499917030335,
            "Z": 0.0,
            "W": -0.010003040544688702
        },
        "Scale": {
            "X": 1.0,
            "Y": 1.0,
            "Z": 1.0
        }
    },
    "RightHandIKPole": {
        "Position": {
            "X": -0.488833487033844,
            "Y": 1.1037710905075074,
            "Z": 0.29999998211860659
        },
        "Rotation": {
            "X": -0.47128579020500185,
            "Y": 0.5271524786949158,
            "Z": -0.47128579020500185,
            "W": -0.5271524786949158
        },
        "Scale": {
            "X": 1.0,
            "Y": 1.0,
            "Z": 1.0
        }
    },
    "LeftFootIKPole": {
        "Position": {
            "X": 0.15000000596046449,
            "Y": 0.5,
            "Z": -0.20000000298023225
        },
        "Rotation": {
            "X": 0.0,
            "Y": 1.0,
            "Z": 0.0,
            "W": 0.0
        },
        "Scale": {
            "X": 1.0,
            "Y": 1.0,
            "Z": 1.0
        }
    },
    "RightFootIKPole": {
        "Position": {
            "X": -0.15000000596046449,
            "Y": 0.5,
            "Z": -0.20000000298023225
        },
        "Rotation": {
            "X": 0.0,
            "Y": 1.0,
            "Z": 0.0,
            "W": 0.0
        },
        "Scale": {
            "X": 1.0,
            "Y": 1.0,
            "Z": 1.0
        }
    }
}