{
    "PoseName": "RandomB",
    "RootControl": {
        "Position": {
            "X": -1.1124763488769532,
            "Y": 1.9099881649017335,
            "Z": 0.8101001977920532
        },
        "Rotation": {
            "X": -0.5547980070114136,
            "Y": 0.7406999468803406,
            "Z": -0.12945261597633363,
            "W": 0.3560965955257416
        },
        "Scale": {
            "X": 1.0,
            "Y": 1.0,
            "Z": 1.0
        }
    },
    "CenterOfMass": {
        "Position": {
            "X": -1.9195051193237305,
            "Y": 2.2980642318725588,
            "Z": 0.16099494695663453
        },
        "Rotation": {
            "X": -0.5547980070114136,
            "Y": 0.7406999468803406,
            "Z": -0.12945261597633363,
            "W": 0.3560965955257416
        },
        "Scale": {
            "X": 1.0,
            "Y": 1.0,
            "Z": 1.0
        }
    },
    "LookAtTarget": {
        "Position": {
            "X": -2.0881056785583498,
            "Y": 2.5369672775268556,
            "Z": -0.35042285919189455
        },
        "Rotation": {
            "X": -0.5547980070114136,
            "Y": 0.7406999468803406,
            "Z": -0.12945261597633363,
            "W": 0.3560965955257416
        },
        "Scale": {
            "X": 1.0,
            "Y": 1.0,
            "Z": 1.0
        }
    },
    "HeadControl": {
        "Position": {
            "X": -2.2894539833068849,
            "Y": 2.475961446762085,
            "Z": -0.13656049966812135
        },
        "Rotation": {
            "X": -0.5547980070114136,
            "Y": 0.7406999468803406,
            "Z": -0.12945261597633363,
            "W": 0.3560965955257416
        },
        "Scale": {
            "X": 1.0,
            "Y": 1.0,
            "Z": 1.0
        }
    },
    "NeckControl": {
        "Position": {
            "X": -2.1960549354553224,
            "Y": 2.431048631668091,
            "Z": -0.06143808364868164
        },
        "Rotation": {
            "X": -0.5547980070114136,
            "Y": 0.7406999468803406,
            "Z": -0.12945261597633363,
            "W": 0.3560965955257416
        },
        "Scale": {
            "X": 1.0,
            "Y": 1.0,
            "Z": 1.0
        }
    },
    "ChestControl": {
        "Position": {
            "X": -2.0231199264526369,
            "Y": 2.3478894233703615,
            "Z": 0.07765591144561768
        },
        "Rotation": {
            "X": -0.5547980070114136,
            "Y": 0.7406999468803406,
            "Z": -0.12945261597633363,
            "W": 0.3560965955257416
        },
        "Scale": {
            "X": 1.0,
            "Y": 1.0,
            "Z": 1.0
        }
    },
    "HipsControl": {
        "Position": {
            "X": -1.8531039953231812,
            "Y": 2.2661337852478029,
            "Z": 0.21440231800079347
        },
        "Rotation": {
            "X": -0.5547980070114136,
            "Y": 0.7406999468803406,
            "Z": -0.12945261597633363,
            "W": 0.3560965955257416
        },
        "Scale": {
            "X": 1.0,
            "Y": 1.0,
            "Z": 1.0
        }
    },
    "LeftHandIKTarget": {
        "Position": {
            "X": -2.030087947845459,
            "Y": 3.0313549041748049,
            "Z": 0.40633586049079897
        },
        "Rotation": {
            "X": 0.48383828997612,
            "Y": -0.271955668926239,
            "Z": -0.30076465010643008,
            "W": -0.7755523324012756
        },
        "Scale": {
            "X": 1.0,
            "Y": 1.0,
            "Z": 1.0
        }
    },
    "RightHandIKTarget": {
        "Position": {
            "X": -2.226271152496338,
            "Y": 1.6602452993392945,
            "Z": -0.1694861650466919
        },
        "Rotation": {
            "X": -0.30076465010643008,
            "Y": 0.7755523324012756,
            "Z": -0.48383828997612,
            "W": -0.271955668926239
        },
        "Scale": {
            "X": 1.0,
            "Y": 1.0,
            "Z": 1.0
        }
    },
    "LeftFootIKTarget": {
        "Position": {
            "X": -1.0993974208831788,
            "Y": 2.0013954639434816,
            "Z": 0.8484883308410645
        },
        "Rotation": {
            "X": -0.5547980070114136,
            "Y": 0.7406999468803406,
            "Z": -0.12945261597633363,
            "W": 0.3560965955257416
        },
        "Scale": {
            "X": 1.0,
            "Y": 1.0,
            "Z": 1.0
        }
    },
    "RightFootIKTarget": {
        "Position": {
            "X": -1.1255552768707276,
            "Y": 1.8185808658599854,
            "Z": 0.771712064743042
        },
        "Rotation": {
            "X": -0.5547980070114136,
            "Y": 0.7406999468803406,
            "Z": -0.12945261597633363,
            "W": 0.3560965955257416
        },
        "Scale": {
            "X": 1.0,
            "Y": 1.0,
            "Z": 1.0
        }
    },
    "LeftHandIKPole": {
        "Position": {
            "X": -2.124049186706543,
            "Y": 2.7270777225494386,
            "Z": 0.5116299390792847
        },
        "Rotation": {
            "X": 0.48383828997612,
            "Y": -0.271955668926239,
            "Z": -0.30076465010643008,
            "W": -0.7755523324012756
        },
        "Scale": {
            "X": 1.0,
            "Y": 1.0,
            "Z": 1.0
        }
    },
    "RightHandIKPole": {
        "Position": {
            "X": -2.254837989807129,
            "Y": 1.813004970550537,
            "Z": 0.12774860858917237
        },
        "Rotation": {
            "X": -0.30076465010643008,
            "Y": 0.7755523324012756,
            "Z": -0.48383828997612,
            "W": -0.271955668926239
        },
        "Scale": {
            "X": 1.0,
            "Y": 1.0,
            "Z": 1.0
        }
    },
    "LeftFootIKPole": {
        "Position": {
            "X": -1.3234668970108033,
            "Y": 2.2632107734680177,
            "Z": 0.4316602945327759
        },
        "Rotation": {
            "X": -0.5547980070114136,
            "Y": 0.7406999468803406,
            "Z": -0.12945261597633363,
            "W": 0.3560965955257416
        },
        "Scale": {
            "X": 1.0,
            "Y": 1.0,
            "Z": 1.0
        }
    },
    "RightFootIKPole": {
        "Position": {
            "X": -1.362703561782837,
            "Y": 1.9889888763427735,
            "Z": 0.3164958655834198
        },
        "Rotation": {
            "X": -0.5547980070114136,
            "Y": 0.7406999468803406,
            "Z": -0.12945261597633363,
            "W": 0.3560965955257416
        },
        "Scale": {
            "X": 1.0,
            "Y": 1.0,
            "Z": 1.0
        }
    }
}