{
    "PoseName": "RandomA",
    "RootControl": {
        "Position": {
            "X": 0.8333339691162109,
            "Y": 0.7225854992866516,
            "Z": -1.906000018119812
        },
        "Rotation": {
            "X": -0.6551179885864258,
            "Y": 0.7555266618728638,
            "Z": 0.0,
            "W": 0.0
        },
        "Scale": {
            "X": 1.0,
            "Y": 1.0,
            "Z": 1.0
        }
    },
    "CenterOfMass": {
        "Position": {
            "X": -0.2615154981613159,
            "Y": 0.8792402744293213,
            "Z": -1.906000018119812
        },
        "Rotation": {
            "X": -0.6551179885864258,
            "Y": 0.7555266618728638,
            "Z": 0.0,
            "W": 0.0
        },
        "Scale": {
            "X": 1.0,
            "Y": 1.0,
            "Z": 1.0
        }
    },
    "LookAtTarget": {
        "Position": {
            "X": -0.7634040117263794,
            "Y": 0.9510521292686462,
            "Z": -2.2060000896453859
        },
        "Rotation": {
            "X": -0.6551179885864258,
            "Y": 0.7555266618728638,
            "Z": 0.0,
            "W": 0.0
        },
        "Scale": {
            "X": 1.0,
            "Y": 1.0,
            "Z": 1.0
        }
    },
    "HeadControl": {
        "Position": {
            "X": -0.7634040117263794,
            "Y": 0.9510521292686462,
            "Z": -1.906000018119812
        },
        "Rotation": {
            "X": -0.6551179885864258,
            "Y": 0.7555266618728638,
            "Z": 0.0,
            "W": 0.0
        },
        "Scale": {
            "X": 1.0,
            "Y": 1.0,
            "Z": 1.0
        }
    },
    "NeckControl": {
        "Position": {
            "X": -0.6366946697235107,
            "Y": 0.9329221844673157,
            "Z": -1.906000018119812
        },
        "Rotation": {
            "X": -0.6551179885864258,
            "Y": 0.7555266618728638,
            "Z": 0.0,
            "W": 0.0
        },
        "Scale": {
            "X": 1.0,
            "Y": 1.0,
            "Z": 1.0
        }
    },
    "ChestControl": {
        "Position": {
            "X": -0.40208399295806887,
            "Y": 0.8993533253669739,
            "Z": -1.906000018119812
        },
        "Rotation": {
            "X": -0.6551179885864258,
            "Y": 0.7555266618728638,
            "Z": 0.0,
            "W": 0.0
        },
        "Scale": {
            "X": 1.0,
            "Y": 1.0,
            "Z": 1.0
        }
    },
    "HipsControl": {
        "Position": {
            "X": -0.1714329719543457,
            "Y": 0.8663509488105774,
            "Z": -1.906000018119812
        },
        "Rotation": {
            "X": -0.6551179885864258,
            "Y": 0.7555266618728638,
            "Z": 0.0,
            "W": 0.0
        },
        "Scale": {
            "X": 1.0,
            "Y": 1.0,
            "Z": 1.0
        }
    },
    "LeftHandIKTarget": {
        "Position": {
            "X": -0.3473290205001831,
            "Y": 1.6491570472717286,
            "Z": -1.805999994277954
        },
        "Rotation": {
            "X": 0.4632384181022644,
            "Y": -0.5342380404472351,
            "Z": -0.4632384181022644,
            "W": -0.5342380404472351
        },
        "Scale": {
            "X": 1.0,
            "Y": 1.0,
            "Z": 1.0
        }
    },
    "RightHandIKTarget": {
        "Position": {
            "X": -0.5597902536392212,
            "Y": 0.16427987813949586,
            "Z": -1.805999994277954
        },
        "Rotation": {
            "X": -0.4632384181022644,
            "Y": 0.5342380404472351,
            "Z": -0.4632384181022644,
            "W": -0.5342380404472351
        },
        "Scale": {
            "X": 1.0,
            "Y": 1.0,
            "Z": 1.0
        }
    },
    "LeftFootIKTarget": {
        "Position": {
            "X": 0.8474980592727661,
            "Y": 0.8215773105621338,
            "Z": -1.906000018119812
        },
        "Rotation": {
            "X": -0.6551179885864258,
            "Y": 0.7555266618728638,
            "Z": 0.0,
            "W": 0.0
        },
        "Scale": {
            "X": 1.0,
            "Y": 1.0,
            "Z": 1.0
        }
    },
    "RightFootIKTarget": {
        "Position": {
            "X": 0.8191698789596558,
            "Y": 0.6235936880111694,
            "Z": -1.906000018119812
        },
        "Rotation": {
            "X": -0.6551179885864258,
            "Y": 0.7555266618728638,
            "Z": 0.0,
            "W": 0.0
        },
        "Scale": {
            "X": 1.0,
            "Y": 1.0,
            "Z": 1.0
        }
    },
    "LeftHandIKPole": {
        "Position": {
            "X": -0.28374743461608889,
            "Y": 1.3875133991241456,
            "Z": -1.6059999465942383
        },
        "Rotation": {
            "X": 0.4632384181022644,
            "Y": -0.5342380404472351,
            "Z": -0.4632384181022644,
            "W": -0.5342380404472351
        },
        "Scale": {
            "X": 1.0,
            "Y": 1.0,
            "Z": 1.0
        }
    },
    "RightHandIKPole": {
        "Position": {
            "X": -0.4253883361816406,
            "Y": 0.3975954055786133,
            "Z": -1.6059999465942383
        },
        "Rotation": {
            "X": -0.4632384181022644,
            "Y": 0.5342380404472351,
            "Z": -0.4632384181022644,
            "W": -0.5342380404472351
        },
        "Scale": {
            "X": 1.0,
            "Y": 1.0,
            "Z": 1.0
        }
    },
    "LeftFootIKPole": {
        "Position": {
            "X": 0.35962098836898806,
            "Y": 0.9418936967849731,
            "Z": -2.1059999465942385
        },
        "Rotation": {
            "X": -0.6551179885864258,
            "Y": 0.7555266618728638,
            "Z": 0.0,
            "W": 0.0
        },
        "Scale": {
            "X": 1.0,
            "Y": 1.0,
            "Z": 1.0
        }
    },
    "RightFootIKPole": {
        "Position": {
            "X": 0.3171287178993225,
            "Y": 0.6449182033538818,
            "Z": -2.1059999465942385
        },
        "Rotation": {
            "X": -0.6551179885864258,
            "Y": 0.7555266618728638,
            "Z": 0.0,
            "W": 0.0
        },
        "Scale": {
            "X": 1.0,
            "Y": 1.0,
            "Z": 1.0
        }
    }
}