{
    "PoseName": "StepByStep_PrimaryFootUp_03",
    "RootControl": {
        "Position": {
            "X": 0.0,
            "Y": 0.0,
            "Z": 0.0
        },
        "Rotation": {
            "X": 0.0,
            "Y": 1.0,
            "Z": 0.0,
            "W": 0.0
        },
        "Scale": {
            "X": 1.0,
            "Y": 1.0,
            "Z": 1.0
        }
    },
    "CenterOfMass": {
        "Position": {
            "X": 0.019999999552965165,
            "Y": 1.0809999704360963,
            "Z": -0.4560000002384186
        },
        "Rotation": {
            "X": 0.0,
            "Y": 1.0,
            "Z": 0.0,
            "W": 0.0
        },
        "Scale": {
            "X": 1.0,
            "Y": 1.0,
            "Z": 1.0
        }
    },
    "LookAtTarget": {
        "Position": {
            "X": 0.019999999552965165,
            "Y": 1.5709999799728394,
            "Z": -1.1039999723434449
        },
        "Rotation": {
            "X": 0.0,
            "Y": 1.0,
            "Z": 0.0,
            "W": 0.0
        },
        "Scale": {
            "X": 1.0,
            "Y": 1.0,
            "Z": 1.0
        }
    },
    "HeadControl": {
        "Position": {
            "X": 0.018341388553380967,
            "Y": 1.5991274118423463,
            "Z": -0.38122040033340456
        },
        "Rotation": {
            "X": 0.016572846099734308,
            "Y": 0.9967449903488159,
            "Z": 0.07886484265327454,
            "W": 0.0023065342102199795
        },
        "Scale": {
            "X": 1.0,
            "Y": 1.0,
            "Z": 1.0
        }
    },
    "NeckControl": {
        "Position": {
            "X": 0.018451381474733354,
            "Y": 1.5029572248458863,
            "Z": -0.3706010580062866
        },
        "Rotation": {
            "X": 0.043038591742515567,
            "Y": 0.9959532022476196,
            "Z": 0.07877575606107712,
            "W": 0.0044002169743180279
        },
        "Scale": {
            "X": 1.0,
            "Y": 1.0,
            "Z": 1.0
        }
    },
    "ChestControl": {
        "Position": {
            "X": 0.01987510919570923,
            "Y": 1.247113585472107,
            "Z": -0.4246443510055542
        },
        "Rotation": {
            "X": 0.043038591742515567,
            "Y": 0.9959532022476196,
            "Z": 0.07877575606107712,
            "W": 0.0044002169743180279
        },
        "Scale": {
            "X": 1.0,
            "Y": 1.0,
            "Z": 1.0
        }
    },
    "HipsControl": {
        "Position": {
            "X": 0.02020365744829178,
            "Y": 1.042197346687317,
            "Z": -0.4390689730644226
        },
        "Rotation": {
            "X": 0.022779669612646104,
            "Y": 0.9997405409812927,
            "Z": 0.0,
            "W": 0.0
        },
        "Scale": {
            "X": 1.0,
            "Y": 1.0,
            "Z": 1.0
        }
    },
    "LeftHandIKTarget": {
        "Position": {
            "X": 0.3070000112056732,
            "Y": 0.9750000238418579,
            "Z": -0.37599998712539675
        },
        "Rotation": {
            "X": 0.50486820936203,
            "Y": 0.7394272685050964,
            "Z": -0.19700230658054353,
            "W": 0.3994314968585968
        },
        "Scale": {
            "X": 1.0,
            "Y": 1.0,
            "Z": 1.0
        }
    },
    "RightHandIKTarget": {
        "Position": {
            "X": -0.32100000977516177,
            "Y": 1.0,
            "Z": -0.5849999785423279
        },
        "Rotation": {
            "X": -0.5694342851638794,
            "Y": 0.7643234729766846,
            "Z": -0.1826317310333252,
            "W": -0.24124683439731599
        },
        "Scale": {
            "X": 1.0,
            "Y": 1.0,
            "Z": 1.0
        }
    },
    "LeftFootIKTarget": {
        "Position": {
            "X": 0.07700000703334809,
            "Y": 0.1940000057220459,
            "Z": -0.48899999260902407
        },
        "Rotation": {
            "X": 0.03593572974205017,
            "Y": 0.9993261098861694,
            "Z": 0.004875987768173218,
            "W": -0.0056700087152421478
        },
        "Scale": {
            "X": 1.0,
            "Y": 1.0,
            "Z": 1.0
        }
    },
    "RightFootIKTarget": {
        "Position": {
            "X": -0.07100000977516175,
            "Y": 0.28999999165534975,
            "Z": -0.05900000035762787
        },
        "Rotation": {
            "X": 0.001412961632013321,
            "Y": 0.9088292121887207,
            "Z": -0.41715478897094729,
            "W": -0.00307833356782794
        },
        "Scale": {
            "X": 1.0,
            "Y": 1.0,
            "Z": 1.0
        }
    },
    "LeftHandIKPole": {
        "Position": {
            "X": 0.15287938714027406,
            "Y": 0.9895551800727844,
            "Z": -0.07845163345336914
        },
        "Rotation": {
            "X": 0.50486820936203,
            "Y": 0.7394272685050964,
            "Z": -0.19700230658054353,
            "W": 0.3994314968585968
        },
        "Scale": {
            "X": 1.0,
            "Y": 1.0,
            "Z": 1.0
        }
    },
    "RightHandIKPole": {
        "Position": {
            "X": -0.23196248710155488,
            "Y": 0.9535347819328308,
            "Z": -0.26497888565063479
        },
        "Rotation": {
            "X": -0.5694342851638794,
            "Y": 0.7643234729766846,
            "Z": -0.1826317310333252,
            "W": -0.24124683439731599
        },
        "Scale": {
            "X": 1.0,
            "Y": 1.0,
            "Z": 1.0
        }
    },
    "LeftFootIKPole": {
        "Position": {
            "X": 0.1606104075908661,
            "Y": 0.6911270618438721,
            "Z": -0.6848927736282349
        },
        "Rotation": {
            "X": 0.03593572974205017,
            "Y": 0.9993261098861694,
            "Z": 0.004875987768173218,
            "W": -0.0056700087152421478
        },
        "Scale": {
            "X": 1.0,
            "Y": 1.0,
            "Z": 1.0
        }
    },
    "RightFootIKPole": {
        "Position": {
            "X": -0.1223537027835846,
            "Y": 0.4645896255970001,
            "Z": -0.5682952404022217
        },
        "Rotation": {
            "X": 0.001412961632013321,
            "Y": 0.9088292121887207,
            "Z": -0.41715478897094729,
            "W": -0.00307833356782794
        },
        "Scale": {
            "X": 1.0,
            "Y": 1.0,
            "Z": 1.0
        }
    }
}