{
    "PoseName": "StepByStep_PrimaryFootUp_03",
    "RootControl": {
        "Position": {
            "X": 0.019999999552965165,
            "Y": 0.0,
            "Z": 0.0
        },
        "Rotation": {
            "X": 0.0,
            "Y": 1.0,
            "Z": 0.0,
            "W": 0.0
        },
        "Scale": {
            "X": 1.0,
            "Y": 1.0,
            "Z": 1.0
        }
    },
    "CenterOfMass": {
        "Position": {
            "X": 0.03999999910593033,
            "Y": 1.0809999704360963,
            "Z": -0.4560000002384186
        },
        "Rotation": {
            "X": 0.0,
            "Y": 1.0,
            "Z": 0.0,
            "W": 0.0
        },
        "Scale": {
            "X": 1.0,
            "Y": 1.0,
            "Z": 1.0
        }
    },
    "LookAtTarget": {
        "Position": {
            "X": 0.03999999910593033,
            "Y": 1.647999882698059,
            "Z": -1.1039999723434449
        },
        "Rotation": {
            "X": 0.0,
            "Y": 1.0,
            "Z": 0.0,
            "W": 0.0
        },
        "Scale": {
            "X": 1.0,
            "Y": 1.0,
            "Z": 1.0
        }
    },
    "HeadControl": {
        "Position": {
            "X": 0.039027079939842227,
            "Y": 1.5989162921905518,
            "Z": -0.38478976488113406
        },
        "Rotation": {
            "X": 0.0,
            "Y": 1.0,
            "Z": 0.0,
            "W": 0.0
        },
        "Scale": {
            "X": 1.0,
            "Y": 1.0,
            "Z": 1.0
        }
    },
    "NeckControl": {
        "Position": {
            "X": 0.03813302516937256,
            "Y": 1.5032497644424439,
            "Z": -0.3703475594520569
        },
        "Rotation": {
            "X": 0.0,
            "Y": 1.0,
            "Z": 0.0,
            "W": 0.0
        },
        "Scale": {
            "X": 1.0,
            "Y": 1.0,
            "Z": 1.0
        }
    },
    "ChestControl": {
        "Position": {
            "X": 0.03894418478012085,
            "Y": 1.2477846145629883,
            "Z": -0.42616477608680727
        },
        "Rotation": {
            "X": 0.0,
            "Y": 1.0,
            "Z": 0.0,
            "W": 0.0
        },
        "Scale": {
            "X": 1.0,
            "Y": 1.0,
            "Z": 1.0
        }
    },
    "HipsControl": {
        "Position": {
            "X": 0.038754336535930637,
            "Y": 1.0432276725769044,
            "Z": -0.44247564673423769
        },
        "Rotation": {
            "X": 0.0,
            "Y": 1.0,
            "Z": 0.0,
            "W": 0.0
        },
        "Scale": {
            "X": 1.0,
            "Y": 1.0,
            "Z": 1.0
        }
    },
    "LeftHandIKTarget": {
        "Position": {
            "X": 0.30900001525878909,
            "Y": 0.8230000138282776,
            "Z": 0.02199999988079071
        },
        "Rotation": {
            "X": 0.50486820936203,
            "Y": 0.7394272685050964,
            "Z": -0.19700230658054353,
            "W": 0.3994314968585968
        },
        "Scale": {
            "X": 1.0,
            "Y": 1.0,
            "Z": 1.0
        }
    },
    "RightHandIKTarget": {
        "Position": {
            "X": -0.2839999794960022,
            "Y": 0.8230000138282776,
            "Z": 0.02199999988079071
        },
        "Rotation": {
            "X": -0.49839621782302859,
            "Y": 0.7438049912452698,
            "Z": -0.20048058032989503,
            "W": -0.3976970314979553
        },
        "Scale": {
            "X": 1.0,
            "Y": 1.0,
            "Z": 1.0
        }
    },
    "LeftFootIKTarget": {
        "Position": {
            "X": 0.09700000286102295,
            "Y": 0.1940000057220459,
            "Z": -0.48899999260902407
        },
        "Rotation": {
            "X": 0.03593572974205017,
            "Y": 0.9993261098861694,
            "Z": 0.004875987768173218,
            "W": -0.0056700087152421478
        },
        "Scale": {
            "X": 1.0,
            "Y": 1.0,
            "Z": 1.0
        }
    },
    "RightFootIKTarget": {
        "Position": {
            "X": -0.05100001022219658,
            "Y": 0.28999999165534975,
            "Z": -0.05900000035762787
        },
        "Rotation": {
            "X": 0.001412961632013321,
            "Y": 0.9088292121887207,
            "Z": -0.41715478897094729,
            "W": -0.00307833356782794
        },
        "Scale": {
            "X": 1.0,
            "Y": 1.0,
            "Z": 1.0
        }
    },
    "LeftHandIKPole": {
        "Position": {
            "X": 0.1548793762922287,
            "Y": 0.8375551700592041,
            "Z": 0.3195483684539795
        },
        "Rotation": {
            "X": 0.50486820936203,
            "Y": 0.7394272685050964,
            "Z": -0.19700230658054353,
            "W": 0.3994314968585968
        },
        "Scale": {
            "X": 1.0,
            "Y": 1.0,
            "Z": 1.0
        }
    },
    "RightHandIKPole": {
        "Position": {
            "X": -0.13334204256534577,
            "Y": 0.8379911780357361,
            "Z": 0.3212950825691223
        },
        "Rotation": {
            "X": -0.49839621782302859,
            "Y": 0.7438049912452698,
            "Z": -0.20048058032989503,
            "W": -0.3976970314979553
        },
        "Scale": {
            "X": 1.0,
            "Y": 1.0,
            "Z": 1.0
        }
    },
    "LeftFootIKPole": {
        "Position": {
            "X": 0.18061040341854096,
            "Y": 0.6911270618438721,
            "Z": -0.6848927736282349
        },
        "Rotation": {
            "X": 0.03593572974205017,
            "Y": 0.9993261098861694,
            "Z": 0.004875987768173218,
            "W": -0.0056700087152421478
        },
        "Scale": {
            "X": 1.0,
            "Y": 1.0,
            "Z": 1.0
        }
    },
    "RightFootIKPole": {
        "Position": {
            "X": -0.10235370695590973,
            "Y": 0.4645894765853882,
            "Z": -0.5682950615882874
        },
        "Rotation": {
            "X": 0.001412961632013321,
            "Y": 0.9088292121887207,
            "Z": -0.41715478897094729,
            "W": -0.00307833356782794
        },
        "Scale": {
            "X": 1.0,
            "Y": 1.0,
            "Z": 1.0
        }
    }
}