{
    "PoseName": "StepByStep_Rest",
    "RootControl": {
        "Position": {
            "X": 0.0,
            "Y": 0.0,
            "Z": 0.0
        },
        "Rotation": {
            "X": 0.0,
            "Y": 1.0,
            "Z": 0.0,
            "W": 0.0
        },
        "Scale": {
            "X": 1.0,
            "Y": 1.0,
            "Z": 1.0
        }
    },
    "CenterOfMass": {
        "Position": {
            "X": 0.0,
            "Y": 1.0069999694824219,
            "Z": -0.004999999888241291
        },
        "Rotation": {
            "X": 0.0,
            "Y": 1.0,
            "Z": 0.0,
            "W": 0.0
        },
        "Scale": {
            "X": 1.0,
            "Y": 1.0,
            "Z": 1.0
        }
    },
    "LookAtTarget": {
        "Position": {
            "X": 0.0,
            "Y": 1.5739998817443848,
            "Z": -0.652999997138977
        },
        "Rotation": {
            "X": 0.0,
            "Y": 1.0,
            "Z": 0.0,
            "W": 0.0
        },
        "Scale": {
            "X": 1.0,
            "Y": 1.0,
            "Z": 1.0
        }
    },
    "HeadControl": {
        "Position": {
            "X": -0.0012125289067626,
            "Y": 1.524513840675354,
            "Z": 0.06218009814620018
        },
        "Rotation": {
            "X": 0.0,
            "Y": 1.0,
            "Z": 0.0,
            "W": 0.0
        },
        "Scale": {
            "X": 1.0,
            "Y": 1.0,
            "Z": 1.0
        }
    },
    "NeckControl": {
        "Position": {
            "X": -0.001964375376701355,
            "Y": 1.429529070854187,
            "Z": 0.08058657497167587
        },
        "Rotation": {
            "X": 0.0,
            "Y": 1.0,
            "Z": 0.0,
            "W": 0.0
        },
        "Scale": {
            "X": 1.0,
            "Y": 1.0,
            "Z": 1.0
        }
    },
    "ChestControl": {
        "Position": {
            "X": -0.0008827502024360001,
            "Y": 1.1730670928955079,
            "Z": 0.02955029532313347
        },
        "Rotation": {
            "X": 0.0,
            "Y": 1.0,
            "Z": 0.0,
            "W": 0.0
        },
        "Scale": {
            "X": 1.0,
            "Y": 1.0,
            "Z": 1.0
        }
    },
    "HipsControl": {
        "Position": {
            "X": -0.0010723939631134272,
            "Y": 0.9684555530548096,
            "Z": 0.013749293051660061
        },
        "Rotation": {
            "X": 0.0,
            "Y": 1.0,
            "Z": 0.0,
            "W": 0.0
        },
        "Scale": {
            "X": 1.0,
            "Y": 1.0,
            "Z": 1.0
        }
    },
    "LeftHandIKTarget": {
        "Position": {
            "X": 0.289000004529953,
            "Y": 0.8230000138282776,
            "Z": 0.02199999988079071
        },
        "Rotation": {
            "X": 0.50486820936203,
            "Y": 0.7394272685050964,
            "Z": -0.19700230658054353,
            "W": 0.3994314968585968
        },
        "Scale": {
            "X": 1.0,
            "Y": 1.0,
            "Z": 1.0
        }
    },
    "RightHandIKTarget": {
        "Position": {
            "X": -0.30399999022483828,
            "Y": 0.8230000138282776,
            "Z": 0.02199999988079071
        },
        "Rotation": {
            "X": -0.49839621782302859,
            "Y": 0.7438049912452698,
            "Z": -0.20048058032989503,
            "W": -0.3976970314979553
        },
        "Scale": {
            "X": 1.0,
            "Y": 1.0,
            "Z": 1.0
        }
    },
    "LeftFootIKTarget": {
        "Position": {
            "X": 0.07699999958276749,
            "Y": 0.0,
            "Z": 0.02800000086426735
        },
        "Rotation": {
            "X": 0.0,
            "Y": 0.9995453357696533,
            "Z": 0.0,
            "W": -0.03015184961259365
        },
        "Scale": {
            "X": 1.0,
            "Y": 1.0,
            "Z": 1.0
        }
    },
    "RightFootIKTarget": {
        "Position": {
            "X": -0.07100000232458115,
            "Y": 0.0,
            "Z": 0.020999999716877939
        },
        "Rotation": {
            "X": 0.0,
            "Y": 0.9999943375587463,
            "Z": 0.0,
            "W": -0.003387124976143241
        },
        "Scale": {
            "X": 1.0,
            "Y": 1.0,
            "Z": 1.0
        }
    },
    "LeftHandIKPole": {
        "Position": {
            "X": 0.13487938046455384,
            "Y": 0.8375551700592041,
            "Z": 0.3195483684539795
        },
        "Rotation": {
            "X": 0.50486820936203,
            "Y": 0.7394272685050964,
            "Z": -0.19700230658054353,
            "W": 0.3994314968585968
        },
        "Scale": {
            "X": 1.0,
            "Y": 1.0,
            "Z": 1.0
        }
    },
    "RightHandIKPole": {
        "Position": {
            "X": -0.15334206819534303,
            "Y": 0.8379911780357361,
            "Z": 0.3212950825691223
        },
        "Rotation": {
            "X": -0.49839621782302859,
            "Y": 0.7438049912452698,
            "Z": -0.20048058032989503,
            "W": -0.3976970314979553
        },
        "Scale": {
            "X": 1.0,
            "Y": 1.0,
            "Z": 1.0
        }
    },
    "LeftFootIKPole": {
        "Position": {
            "X": 0.11485382914543152,
            "Y": 0.5,
            "Z": -0.174650177359581
        },
        "Rotation": {
            "X": 0.0,
            "Y": 0.9995453357696533,
            "Z": 0.0,
            "W": -0.03015184961259365
        },
        "Scale": {
            "X": 1.0,
            "Y": 1.0,
            "Z": 1.0
        }
    },
    "RightFootIKPole": {
        "Position": {
            "X": -0.122353695333004,
            "Y": 0.5,
            "Z": -0.1786567121744156
        },
        "Rotation": {
            "X": 0.0,
            "Y": 0.9999943375587463,
            "Z": 0.0,
            "W": -0.003387124976143241
        },
        "Scale": {
            "X": 1.0,
            "Y": 1.0,
            "Z": 1.0
        }
    }
}