{
    "PoseName": "StepByStep_PrimaryFootUp_01",
    "RootControl": {
        "Position": {
            "X": 0.0,
            "Y": 0.0,
            "Z": 0.0
        },
        "Rotation": {
            "X": 0.0,
            "Y": 1.0,
            "Z": 0.0,
            "W": 0.0
        },
        "Scale": {
            "X": 1.0,
            "Y": 1.0,
            "Z": 1.0
        }
    },
    "CenterOfMass": {
        "Position": {
            "X": -0.029999999329447748,
            "Y": 1.0809999704360963,
            "Z": -0.16500000655651093
        },
        "Rotation": {
            "X": 0.0,
            "Y": 1.0,
            "Z": 0.0,
            "W": 0.0
        },
        "Scale": {
            "X": 1.0,
            "Y": 1.0,
            "Z": 1.0
        }
    },
    "LookAtTarget": {
        "Position": {
            "X": -0.029999999329447748,
            "Y": 1.5749999284744263,
            "Z": -0.8130000233650208
        },
        "Rotation": {
            "X": 0.0,
            "Y": 1.0,
            "Z": 0.0,
            "W": 0.0
        },
        "Scale": {
            "X": 1.0,
            "Y": 1.0,
            "Z": 1.0
        }
    },
    "HeadControl": {
        "Position": {
            "X": -0.03189721331000328,
            "Y": 1.598785400390625,
            "Z": -0.08764323592185974
        },
        "Rotation": {
            "X": -0.01894441805779934,
            "Y": 0.9985384941101074,
            "Z": -0.05041717737913132,
            "W": -0.0045029167085886
        },
        "Scale": {
            "X": 1.0,
            "Y": 1.0,
            "Z": 1.0
        }
    },
    "NeckControl": {
        "Position": {
            "X": -0.032784026116132739,
            "Y": 1.5026977062225342,
            "Z": -0.07633566856384278
        },
        "Rotation": {
            "X": -0.03420165553689003,
            "Y": 0.9982172250747681,
            "Z": -0.04888705164194107,
            "W": -0.0016783548053354025
        },
        "Scale": {
            "X": 1.0,
            "Y": 1.0,
            "Z": 1.0
        }
    },
    "ChestControl": {
        "Position": {
            "X": -0.030188269913196565,
            "Y": 1.2485616207122803,
            "Z": -0.13787254691123963
        },
        "Rotation": {
            "X": -0.03420165553689003,
            "Y": 0.9982172250747681,
            "Z": -0.04888705164194107,
            "W": -0.0016783548053354025
        },
        "Scale": {
            "X": 1.0,
            "Y": 1.0,
            "Z": 1.0
        }
    },
    "HipsControl": {
        "Position": {
            "X": -0.029544256627559663,
            "Y": 1.0443471670150757,
            "Z": -0.15561915934085847
        },
        "Rotation": {
            "X": 0.0,
            "Y": 1.0,
            "Z": 0.0,
            "W": 0.0
        },
        "Scale": {
            "X": 1.0,
            "Y": 1.0,
            "Z": 1.0
        }
    },
    "LeftHandIKTarget": {
        "Position": {
            "X": 0.289000004529953,
            "Y": 0.9039999842643738,
            "Z": 0.02199999988079071
        },
        "Rotation": {
            "X": 0.50486820936203,
            "Y": 0.7394272685050964,
            "Z": -0.19700230658054353,
            "W": 0.3994314968585968
        },
        "Scale": {
            "X": 1.0,
            "Y": 1.0,
            "Z": 1.0
        }
    },
    "RightHandIKTarget": {
        "Position": {
            "X": -0.30399999022483828,
            "Y": 0.9440000057220459,
            "Z": -0.257999986410141
        },
        "Rotation": {
            "X": -0.49839621782302859,
            "Y": 0.7438049912452698,
            "Z": -0.20048058032989503,
            "W": -0.3976970314979553
        },
        "Scale": {
            "X": 1.0,
            "Y": 1.0,
            "Z": 1.0
        }
    },
    "LeftFootIKTarget": {
        "Position": {
            "X": 0.07699999958276749,
            "Y": 0.30000001192092898,
            "Z": -0.3700000047683716
        },
        "Rotation": {
            "X": 0.03280135616660118,
            "Y": 0.9503557682037354,
            "Z": -0.30857324600219729,
            "W": 0.023035241290926935
        },
        "Scale": {
            "X": 1.0,
            "Y": 1.0,
            "Z": 1.0
        }
    },
    "RightFootIKTarget": {
        "Position": {
            "X": -0.07100000232458115,
            "Y": 0.08799999952316284,
            "Z": 0.020999999716877939
        },
        "Rotation": {
            "X": 0.0013189759338274599,
            "Y": 0.9210595488548279,
            "Z": -0.38940712809562685,
            "W": -0.0031197592616081239
        },
        "Scale": {
            "X": 1.0,
            "Y": 1.0,
            "Z": 1.0
        }
    },
    "LeftHandIKPole": {
        "Position": {
            "X": 0.13487938046455384,
            "Y": 0.9185551404953003,
            "Z": 0.3195483684539795
        },
        "Rotation": {
            "X": 0.50486820936203,
            "Y": 0.7394272685050964,
            "Z": -0.19700230658054353,
            "W": 0.3994314968585968
        },
        "Scale": {
            "X": 1.0,
            "Y": 1.0,
            "Z": 1.0
        }
    },
    "RightHandIKPole": {
        "Position": {
            "X": -0.15334191918373109,
            "Y": 0.9589911699295044,
            "Z": 0.041295140981674197
        },
        "Rotation": {
            "X": -0.49839621782302859,
            "Y": 0.7438049912452698,
            "Z": -0.20048058032989503,
            "W": -0.3976970314979553
        },
        "Scale": {
            "X": 1.0,
            "Y": 1.0,
            "Z": 1.0
        }
    },
    "LeftFootIKPole": {
        "Position": {
            "X": 0.1698283851146698,
            "Y": 0.5836964845657349,
            "Z": -0.8209982514381409
        },
        "Rotation": {
            "X": 0.03280135616660118,
            "Y": 0.9503557682037354,
            "Z": -0.30857324600219729,
            "W": 0.023035241290926935
        },
        "Scale": {
            "X": 1.0,
            "Y": 1.0,
            "Z": 1.0
        }
    },
    "RightFootIKPole": {
        "Position": {
            "X": -0.1223537027835846,
            "Y": 0.2931380271911621,
            "Z": -0.47677627205848696
        },
        "Rotation": {
            "X": 0.0013189759338274599,
            "Y": 0.9210595488548279,
            "Z": -0.38940712809562685,
            "W": -0.0031197592616081239
        },
        "Scale": {
            "X": 1.0,
            "Y": 1.0,
            "Z": 1.0
        }
    }
}