{
    "PoseName": "StepByStep_PrimaryFootUp_04",
    "RootControl": {
        "Position": {
            "X": -0.019999999552965165,
            "Y": 0.0,
            "Z": 0.0
        },
        "Rotation": {
            "X": 0.0,
            "Y": 1.0,
            "Z": 0.0,
            "W": 0.0
        },
        "Scale": {
            "X": 1.0,
            "Y": 1.0,
            "Z": 1.0
        }
    },
    "CenterOfMass": {
        "Position": {
            "X": -0.009999999776482582,
            "Y": 1.1649999618530274,
            "Z": -0.4560000002384186
        },
        "Rotation": {
            "X": 0.0,
            "Y": 1.0,
            "Z": 0.0,
            "W": 0.0
        },
        "Scale": {
            "X": 1.0,
            "Y": 1.0,
            "Z": 1.0
        }
    },
    "LookAtTarget": {
        "Position": {
            "X": -0.009999999776482582,
            "Y": 1.7319998741149903,
            "Z": -1.1039999723434449
        },
        "Rotation": {
            "X": 0.0,
            "Y": 1.0,
            "Z": 0.0,
            "W": 0.0
        },
        "Scale": {
            "X": 1.0,
            "Y": 1.0,
            "Z": 1.0
        }
    },
    "HeadControl": {
        "Position": {
            "X": -0.011358963325619698,
            "Y": 1.6824431419372559,
            "Z": -0.38813745975494387
        },
        "Rotation": {
            "X": 0.0,
            "Y": 1.0,
            "Z": 0.0,
            "W": 0.0
        },
        "Scale": {
            "X": 1.0,
            "Y": 1.0,
            "Z": 1.0
        }
    },
    "NeckControl": {
        "Position": {
            "X": -0.012110809795558453,
            "Y": 1.5874582529067994,
            "Z": -0.36973124742507937
        },
        "Rotation": {
            "X": 0.0,
            "Y": 1.0,
            "Z": 0.0,
            "W": 0.0
        },
        "Scale": {
            "X": 1.0,
            "Y": 1.0,
            "Z": 1.0
        }
    },
    "ChestControl": {
        "Position": {
            "X": -0.011007437482476235,
            "Y": 1.3311973810195923,
            "Z": -0.42176851630210879
        },
        "Rotation": {
            "X": 0.0,
            "Y": 1.0,
            "Z": 0.0,
            "W": 0.0
        },
        "Scale": {
            "X": 1.0,
            "Y": 1.0,
            "Z": 1.0
        }
    },
    "HipsControl": {
        "Position": {
            "X": -0.011094843037426472,
            "Y": 1.1266590356826783,
            "Z": -0.4381589889526367
        },
        "Rotation": {
            "X": 0.0,
            "Y": 1.0,
            "Z": 0.0,
            "W": 0.0
        },
        "Scale": {
            "X": 1.0,
            "Y": 1.0,
            "Z": 1.0
        }
    },
    "LeftHandIKTarget": {
        "Position": {
            "X": 0.26899999380111697,
            "Y": 0.8230000138282776,
            "Z": 0.02199999988079071
        },
        "Rotation": {
            "X": 0.50486820936203,
            "Y": 0.7394272685050964,
            "Z": -0.19700230658054353,
            "W": 0.3994314968585968
        },
        "Scale": {
            "X": 1.0,
            "Y": 1.0,
            "Z": 1.0
        }
    },
    "RightHandIKTarget": {
        "Position": {
            "X": -0.3240000009536743,
            "Y": 0.8230000138282776,
            "Z": 0.02199999988079071
        },
        "Rotation": {
            "X": -0.49839621782302859,
            "Y": 0.7438049912452698,
            "Z": -0.20048058032989503,
            "W": -0.3976970314979553
        },
        "Scale": {
            "X": 1.0,
            "Y": 1.0,
            "Z": 1.0
        }
    },
    "LeftFootIKTarget": {
        "Position": {
            "X": 0.05700000002980232,
            "Y": 0.1940000057220459,
            "Z": -0.48899999260902407
        },
        "Rotation": {
            "X": 0.03593572974205017,
            "Y": 0.9993261098861694,
            "Z": 0.004875987768173218,
            "W": -0.0056700087152421478
        },
        "Scale": {
            "X": 1.0,
            "Y": 1.0,
            "Z": 1.0
        }
    },
    "RightFootIKTarget": {
        "Position": {
            "X": -0.09100000560283661,
            "Y": 0.35199999809265139,
            "Z": -0.4169999957084656
        },
        "Rotation": {
            "X": 0.0010888648685067893,
            "Y": 0.9469136595726013,
            "Z": -0.3214702606201172,
            "W": -0.003207332221791148
        },
        "Scale": {
            "X": 1.0,
            "Y": 1.0,
            "Z": 1.0
        }
    },
    "LeftHandIKPole": {
        "Position": {
            "X": 0.11487938463687897,
            "Y": 0.8375551700592041,
            "Z": 0.3195483684539795
        },
        "Rotation": {
            "X": 0.50486820936203,
            "Y": 0.7394272685050964,
            "Z": -0.19700230658054353,
            "W": 0.3994314968585968
        },
        "Scale": {
            "X": 1.0,
            "Y": 1.0,
            "Z": 1.0
        }
    },
    "RightHandIKPole": {
        "Position": {
            "X": -0.1733420342206955,
            "Y": 0.8379911780357361,
            "Z": 0.3212950825691223
        },
        "Rotation": {
            "X": -0.49839621782302859,
            "Y": 0.7438049912452698,
            "Z": -0.20048058032989503,
            "W": -0.3976970314979553
        },
        "Scale": {
            "X": 1.0,
            "Y": 1.0,
            "Z": 1.0
        }
    },
    "LeftFootIKPole": {
        "Position": {
            "X": 0.14061041176319123,
            "Y": 0.6911270618438721,
            "Z": -0.6848927736282349
        },
        "Rotation": {
            "X": 0.03593572974205017,
            "Y": 0.9993261098861694,
            "Z": 0.004875987768173218,
            "W": -0.0056700087152421478
        },
        "Scale": {
            "X": 1.0,
            "Y": 1.0,
            "Z": 1.0
        }
    },
    "RightFootIKPole": {
        "Position": {
            "X": -0.14235369861125947,
            "Y": 0.6271015405654907,
            "Z": -0.8797980546951294
        },
        "Rotation": {
            "X": 0.0010888647520914674,
            "Y": 0.9469136595726013,
            "Z": -0.3214702606201172,
            "W": -0.003207332221791148
        },
        "Scale": {
            "X": 1.0,
            "Y": 1.0,
            "Z": 1.0
        }
    }
}