{
    "PoseName": "StepByStep_PrimaryFootUp_00",
    "RootControl": {
        "Position": {
            "X": 0.0,
            "Y": 0.0,
            "Z": 0.0
        },
        "Rotation": {
            "X": 0.0,
            "Y": 1.0,
            "Z": 0.0,
            "W": 0.0
        },
        "Scale": {
            "X": 1.0,
            "Y": 1.0,
            "Z": 1.0
        }
    },
    "CenterOfMass": {
        "Position": {
            "X": -0.019999999552965165,
            "Y": 1.0149999856948853,
            "Z": -0.004999999888241291
        },
        "Rotation": {
            "X": 0.0,
            "Y": 0.9999520182609558,
            "Z": 0.00979956891387701,
            "W": 0.0
        },
        "Scale": {
            "X": 1.0,
            "Y": 1.0,
            "Z": 1.0
        }
    },
    "LookAtTarget": {
        "Position": {
            "X": -0.019999999552965165,
            "Y": 1.594590663909912,
            "Z": -0.6417633891105652
        },
        "Rotation": {
            "X": 0.0,
            "Y": 0.9999520182609558,
            "Z": 0.00979956891387701,
            "W": 0.0
        },
        "Scale": {
            "X": 1.0,
            "Y": 1.0,
            "Z": 1.0
        }
    },
    "HeadControl": {
        "Position": {
            "X": -0.021726109087467195,
            "Y": 1.5315792560577393,
            "Z": 0.07996596395969391
        },
        "Rotation": {
            "X": -0.0006740977405570447,
            "Y": 0.9999880790710449,
            "Z": 0.004820609465241432,
            "W": 0.00038507612771354616
        },
        "Scale": {
            "X": 1.0,
            "Y": 1.0,
            "Z": 1.0
        }
    },
    "NeckControl": {
        "Position": {
            "X": -0.021535994485020639,
            "Y": 1.4352004528045655,
            "Z": 0.08848311752080918
        },
        "Rotation": {
            "X": 0.0,
            "Y": 1.0,
            "Z": 0.0,
            "W": 0.0
        },
        "Scale": {
            "X": 1.0,
            "Y": 1.0,
            "Z": 1.0
        }
    },
    "ChestControl": {
        "Position": {
            "X": -0.020150726661086084,
            "Y": 1.1804505586624146,
            "Z": 0.029498104006052018
        },
        "Rotation": {
            "X": 0.0,
            "Y": 1.0,
            "Z": 0.0,
            "W": 0.0
        },
        "Scale": {
            "X": 1.0,
            "Y": 1.0,
            "Z": 1.0
        }
    },
    "HipsControl": {
        "Position": {
            "X": -0.019842728972434999,
            "Y": 0.9758300185203552,
            "Z": 0.011242936365306378
        },
        "Rotation": {
            "X": 0.0,
            "Y": 1.0,
            "Z": 0.0,
            "W": 0.0
        },
        "Scale": {
            "X": 1.0,
            "Y": 1.0,
            "Z": 1.0
        }
    },
    "LeftHandIKTarget": {
        "Position": {
            "X": 0.289000004529953,
            "Y": 0.8230000138282776,
            "Z": 0.04100000113248825
        },
        "Rotation": {
            "X": 0.50486820936203,
            "Y": 0.7394272685050964,
            "Z": -0.19700230658054353,
            "W": 0.3994314968585968
        },
        "Scale": {
            "X": 1.0,
            "Y": 1.0,
            "Z": 1.0
        }
    },
    "RightHandIKTarget": {
        "Position": {
            "X": -0.30399999022483828,
            "Y": 0.8690000176429749,
            "Z": -0.061000000685453418
        },
        "Rotation": {
            "X": -0.49839621782302859,
            "Y": 0.7438049912452698,
            "Z": -0.20048058032989503,
            "W": -0.3976970314979553
        },
        "Scale": {
            "X": 1.0,
            "Y": 1.0,
            "Z": 1.0
        }
    },
    "LeftFootIKTarget": {
        "Position": {
            "X": 0.07699999958276749,
            "Y": 0.16699999570846559,
            "Z": -0.2070000022649765
        },
        "Rotation": {
            "X": 0.03280135616660118,
            "Y": 0.9503557682037354,
            "Z": -0.30857324600219729,
            "W": 0.023035241290926935
        },
        "Scale": {
            "X": 1.0,
            "Y": 1.0,
            "Z": 1.0
        }
    },
    "RightFootIKTarget": {
        "Position": {
            "X": -0.07100000232458115,
            "Y": 0.03700000047683716,
            "Z": 0.020999999716877939
        },
        "Rotation": {
            "X": 0.0006110561080276966,
            "Y": 0.9835866689682007,
            "Z": -0.18040478229522706,
            "W": -0.0033315480686724188
        },
        "Scale": {
            "X": 1.0,
            "Y": 1.0,
            "Z": 1.0
        }
    },
    "LeftHandIKPole": {
        "Position": {
            "X": 0.13487938046455384,
            "Y": 0.8375551700592041,
            "Z": 0.33854836225509646
        },
        "Rotation": {
            "X": 0.50486820936203,
            "Y": 0.7394272685050964,
            "Z": -0.19700230658054353,
            "W": 0.3994314968585968
        },
        "Scale": {
            "X": 1.0,
            "Y": 1.0,
            "Z": 1.0
        }
    },
    "RightHandIKPole": {
        "Position": {
            "X": -0.15334197878837586,
            "Y": 0.8839911818504334,
            "Z": 0.23829515278339387
        },
        "Rotation": {
            "X": -0.49839621782302859,
            "Y": 0.7438049912452698,
            "Z": -0.20048058032989503,
            "W": -0.3976970314979553
        },
        "Scale": {
            "X": 1.0,
            "Y": 1.0,
            "Z": 1.0
        }
    },
    "LeftFootIKPole": {
        "Position": {
            "X": 0.1698283851146698,
            "Y": 0.45069631934165957,
            "Z": -0.6579982042312622
        },
        "Rotation": {
            "X": 0.03280135616660118,
            "Y": 0.9503557682037354,
            "Z": -0.30857324600219729,
            "W": 0.023035241290926935
        },
        "Scale": {
            "X": 1.0,
            "Y": 1.0,
            "Z": 1.0
        }
    },
    "RightFootIKPole": {
        "Position": {
            "X": -0.1223537027835846,
            "Y": 0.43359726667404177,
            "Z": -0.34310635924339297
        },
        "Rotation": {
            "X": 0.0006110561080276966,
            "Y": 0.9835866689682007,
            "Z": -0.18040478229522706,
            "W": -0.0033315480686724188
        },
        "Scale": {
            "X": 1.0,
            "Y": 1.0,
            "Z": 1.0
        }
    }
}