{
    "PoseName": "StepByStep_PrimaryFootUp_04",
    "RootControl": {
        "Position": {
            "X": 0.0,
            "Y": 0.0,
            "Z": 0.0
        },
        "Rotation": {
            "X": 0.0,
            "Y": 1.0,
            "Z": 0.0,
            "W": 0.0
        },
        "Scale": {
            "X": 1.0,
            "Y": 1.0,
            "Z": 1.0
        }
    },
    "CenterOfMass": {
        "Position": {
            "X": 0.009999999776482582,
            "Y": 1.1649999618530274,
            "Z": -0.4560000002384186
        },
        "Rotation": {
            "X": 0.0,
            "Y": 1.0,
            "Z": 0.0,
            "W": 0.0
        },
        "Scale": {
            "X": 1.0,
            "Y": 1.0,
            "Z": 1.0
        }
    },
    "LookAtTarget": {
        "Position": {
            "X": 0.009999999776482582,
            "Y": 1.7319998741149903,
            "Z": -1.1039999723434449
        },
        "Rotation": {
            "X": 0.0,
            "Y": 1.0,
            "Z": 0.0,
            "W": 0.0
        },
        "Scale": {
            "X": 1.0,
            "Y": 1.0,
            "Z": 1.0
        }
    },
    "HeadControl": {
        "Position": {
            "X": 0.00987559650093317,
            "Y": 1.6830041408538819,
            "Z": -0.3873908519744873
        },
        "Rotation": {
            "X": -0.013159018941223622,
            "Y": 0.9999045729637146,
            "Z": -0.002788465702906251,
            "W": -0.0031468276865780355
        },
        "Scale": {
            "X": 1.0,
            "Y": 1.0,
            "Z": 1.0
        }
    },
    "NeckControl": {
        "Position": {
            "X": 0.009250300005078316,
            "Y": 1.5874285697937012,
            "Z": -0.3723456859588623
        },
        "Rotation": {
            "X": -0.013159018941223622,
            "Y": 0.9999045729637146,
            "Z": -0.002788465702906251,
            "W": -0.0031468276865780355
        },
        "Scale": {
            "X": 1.0,
            "Y": 1.0,
            "Z": 1.0
        }
    },
    "ChestControl": {
        "Position": {
            "X": 0.00940109882503748,
            "Y": 1.3306257724761963,
            "Z": -0.42165136337280276
        },
        "Rotation": {
            "X": -0.013159018941223622,
            "Y": 0.9999045729637146,
            "Z": -0.002788465702906251,
            "W": -0.0031468276865780355
        },
        "Scale": {
            "X": 1.0,
            "Y": 1.0,
            "Z": 1.0
        }
    },
    "HipsControl": {
        "Position": {
            "X": 0.008668893948197365,
            "Y": 1.1256649494171143,
            "Z": -0.43516895174980166
        },
        "Rotation": {
            "X": 0.009621892124414444,
            "Y": 0.9999448657035828,
            "Z": -0.0028594257310032846,
            "W": -0.00308249075897038
        },
        "Scale": {
            "X": 1.0,
            "Y": 1.0,
            "Z": 1.0
        }
    },
    "LeftHandIKTarget": {
        "Position": {
            "X": 0.3160000145435333,
            "Y": 1.0329999923706055,
            "Z": -0.5320000052452087
        },
        "Rotation": {
            "X": 0.50486820936203,
            "Y": 0.7394272685050964,
            "Z": -0.19700230658054353,
            "W": 0.3994314968585968
        },
        "Scale": {
            "X": 1.0,
            "Y": 1.0,
            "Z": 1.0
        }
    },
    "RightHandIKTarget": {
        "Position": {
            "X": -0.2549999952316284,
            "Y": 1.0420000553131104,
            "Z": -0.6169999837875366
        },
        "Rotation": {
            "X": -0.49839621782302859,
            "Y": 0.7438049912452698,
            "Z": -0.20048058032989503,
            "W": -0.3976970314979553
        },
        "Scale": {
            "X": 1.0,
            "Y": 1.0,
            "Z": 1.0
        }
    },
    "LeftFootIKTarget": {
        "Position": {
            "X": 0.07699999958276749,
            "Y": 0.1940000057220459,
            "Z": -0.48899999260902407
        },
        "Rotation": {
            "X": 0.03593572974205017,
            "Y": 0.9993261098861694,
            "Z": 0.004875987768173218,
            "W": -0.0056700087152421478
        },
        "Scale": {
            "X": 1.0,
            "Y": 1.0,
            "Z": 1.0
        }
    },
    "RightFootIKTarget": {
        "Position": {
            "X": -0.07100000977516175,
            "Y": 0.35199999809265139,
            "Z": -0.4169999957084656
        },
        "Rotation": {
            "X": 0.0010888648685067893,
            "Y": 0.9469136595726013,
            "Z": -0.3214702606201172,
            "W": -0.003207332221791148
        },
        "Scale": {
            "X": 1.0,
            "Y": 1.0,
            "Z": 1.0
        }
    },
    "LeftHandIKPole": {
        "Position": {
            "X": 0.35718944668769839,
            "Y": 1.0100246667861939,
            "Z": -0.23513206839561463
        },
        "Rotation": {
            "X": 0.50486820936203,
            "Y": 0.7394272685050964,
            "Z": -0.19700230658054353,
            "W": 0.3994314968585968
        },
        "Scale": {
            "X": 1.0,
            "Y": 1.0,
            "Z": 1.0
        }
    },
    "RightHandIKPole": {
        "Position": {
            "X": -0.28793805837631228,
            "Y": 1.0569405555725098,
            "Z": -0.3724639415740967
        },
        "Rotation": {
            "X": -0.49839621782302859,
            "Y": 0.7438049912452698,
            "Z": -0.20048058032989503,
            "W": -0.3976970314979553
        },
        "Scale": {
            "X": 1.0,
            "Y": 1.0,
            "Z": 1.0
        }
    },
    "LeftFootIKPole": {
        "Position": {
            "X": 0.1606104075908661,
            "Y": 0.6911270618438721,
            "Z": -0.6848927736282349
        },
        "Rotation": {
            "X": 0.03593572974205017,
            "Y": 0.9993261098861694,
            "Z": 0.004875987768173218,
            "W": -0.0056700087152421478
        },
        "Scale": {
            "X": 1.0,
            "Y": 1.0,
            "Z": 1.0
        }
    },
    "RightFootIKPole": {
        "Position": {
            "X": -0.1223537027835846,
            "Y": 0.6271015405654907,
            "Z": -0.8797980546951294
        },
        "Rotation": {
            "X": 0.0010888647520914674,
            "Y": 0.9469136595726013,
            "Z": -0.3214702606201172,
            "W": -0.003207332221791148
        },
        "Scale": {
            "X": 1.0,
            "Y": 1.0,
            "Z": 1.0
        }
    }
}