{
    "PoseName": "StepByStep_PrimaryFootUp_02",
    "RootControl": {
        "Position": {
            "X": 0.0,
            "Y": 0.0,
            "Z": 0.0
        },
        "Rotation": {
            "X": 0.0,
            "Y": 1.0,
            "Z": 0.0,
            "W": 0.0
        },
        "Scale": {
            "X": 1.0,
            "Y": 1.0,
            "Z": 1.0
        }
    },
    "CenterOfMass": {
        "Position": {
            "X": -0.029999999329447748,
            "Y": 1.0809999704360963,
            "Z": -0.25999999046325686
        },
        "Rotation": {
            "X": 0.0,
            "Y": 1.0,
            "Z": 0.0,
            "W": 0.0
        },
        "Scale": {
            "X": 1.0,
            "Y": 1.0,
            "Z": 1.0
        }
    },
    "LookAtTarget": {
        "Position": {
            "X": -0.029999999329447748,
            "Y": 1.5649999380111695,
            "Z": -1.0980000495910645
        },
        "Rotation": {
            "X": 0.0,
            "Y": 1.0,
            "Z": 0.0,
            "W": 0.0
        },
        "Scale": {
            "X": 1.0,
            "Y": 1.0,
            "Z": 1.0
        }
    },
    "HeadControl": {
        "Position": {
            "X": -0.03191155940294266,
            "Y": 1.5994908809661866,
            "Z": -0.18696260452270509
        },
        "Rotation": {
            "X": 0.03342747315764427,
            "Y": 0.9921436905860901,
            "Z": -0.12032627314329148,
            "W": 0.0074279396794736389
        },
        "Scale": {
            "X": 1.0,
            "Y": 1.0,
            "Z": 1.0
        }
    },
    "NeckControl": {
        "Position": {
            "X": -0.03111627697944641,
            "Y": 1.5031495094299317,
            "Z": -0.17806503176689149
        },
        "Rotation": {
            "X": 0.03342747315764427,
            "Y": 0.9921436905860901,
            "Z": -0.12032627314329148,
            "W": 0.0074279396794736389
        },
        "Scale": {
            "X": 1.0,
            "Y": 1.0,
            "Z": 1.0
        }
    },
    "ChestControl": {
        "Position": {
            "X": -0.030557701364159585,
            "Y": 1.2471650838851929,
            "Z": -0.2314545214176178
        },
        "Rotation": {
            "X": 0.0,
            "Y": 0.9856481552124023,
            "Z": -0.16881266236305238,
            "W": 0.0
        },
        "Scale": {
            "X": 1.0,
            "Y": 1.0,
            "Z": 1.0
        }
    },
    "HipsControl": {
        "Position": {
            "X": -0.030374711379408838,
            "Y": 1.042049765586853,
            "Z": -0.2445725053548813
        },
        "Rotation": {
            "X": 0.0,
            "Y": 1.0,
            "Z": 0.0,
            "W": 0.0
        },
        "Scale": {
            "X": 1.0,
            "Y": 1.0,
            "Z": 1.0
        }
    },
    "LeftHandIKTarget": {
        "Position": {
            "X": 0.32899999618530276,
            "Y": 1.0490000247955323,
            "Z": -0.13600000739097596
        },
        "Rotation": {
            "X": 0.50486820936203,
            "Y": 0.7394272685050964,
            "Z": -0.19700230658054353,
            "W": 0.3994314968585968
        },
        "Scale": {
            "X": 1.0,
            "Y": 1.0,
            "Z": 1.0
        }
    },
    "RightHandIKTarget": {
        "Position": {
            "X": -0.28600001335144045,
            "Y": 1.031000018119812,
            "Z": -0.3499999940395355
        },
        "Rotation": {
            "X": -0.46094265580177309,
            "Y": 0.796816349029541,
            "Z": -0.2759036719799042,
            "W": -0.27657338976860049
        },
        "Scale": {
            "X": 1.0,
            "Y": 1.0,
            "Z": 1.0
        }
    },
    "LeftFootIKTarget": {
        "Position": {
            "X": 0.07700000703334809,
            "Y": 0.1940000057220459,
            "Z": -0.48899999260902407
        },
        "Rotation": {
            "X": 0.03927682712674141,
            "Y": 0.9944475889205933,
            "Z": 0.09730097651481629,
            "W": 0.007992759346961975
        },
        "Scale": {
            "X": 1.0,
            "Y": 1.0,
            "Z": 1.0
        }
    },
    "RightFootIKTarget": {
        "Position": {
            "X": -0.07100000232458115,
            "Y": 0.10000000149011612,
            "Z": 0.020999999716877939
        },
        "Rotation": {
            "X": 0.001412961632013321,
            "Y": 0.9088292121887207,
            "Z": -0.41715478897094729,
            "W": -0.00307833356782794
        },
        "Scale": {
            "X": 1.0,
            "Y": 1.0,
            "Z": 1.0
        }
    },
    "LeftHandIKPole": {
        "Position": {
            "X": 0.17487935721874238,
            "Y": 1.0635552406311036,
            "Z": 0.16154834628105164
        },
        "Rotation": {
            "X": 0.50486820936203,
            "Y": 0.7394272685050964,
            "Z": -0.19700230658054353,
            "W": 0.3994314968585968
        },
        "Scale": {
            "X": 1.0,
            "Y": 1.0,
            "Z": 1.0
        }
    },
    "RightHandIKPole": {
        "Position": {
            "X": -0.3556516170501709,
            "Y": 1.0462703704833985,
            "Z": -0.018413662910461427
        },
        "Rotation": {
            "X": -0.46094265580177309,
            "Y": 0.796816349029541,
            "Z": -0.2759036719799042,
            "W": -0.27657338976860049
        },
        "Scale": {
            "X": 1.0,
            "Y": 1.0,
            "Z": 1.0
        }
    },
    "LeftFootIKPole": {
        "Position": {
            "X": 0.1698284149169922,
            "Y": 0.7175849080085754,
            "Z": -0.5877001285552979
        },
        "Rotation": {
            "X": 0.03927682712674141,
            "Y": 0.9944475889205933,
            "Z": 0.09730097651481629,
            "W": 0.007992759346961975
        },
        "Scale": {
            "X": 1.0,
            "Y": 1.0,
            "Z": 1.0
        }
    },
    "RightFootIKPole": {
        "Position": {
            "X": -0.1223537027835846,
            "Y": 0.2745896875858307,
            "Z": -0.4882952868938446
        },
        "Rotation": {
            "X": 0.001412961632013321,
            "Y": 0.9088292121887207,
            "Z": -0.41715478897094729,
            "W": -0.00307833356782794
        },
        "Scale": {
            "X": 1.0,
            "Y": 1.0,
            "Z": 1.0
        }
    }
}