{
    "PoseName": "StepByStep_PrimaryFootUp_05",
    "RootControl": {
        "Position": {
            "X": 0.0,
            "Y": 0.0,
            "Z": 0.0
        },
        "Rotation": {
            "X": 0.0,
            "Y": 1.0,
            "Z": 0.0,
            "W": 0.0
        },
        "Scale": {
            "X": 1.0,
            "Y": 1.0,
            "Z": 1.0
        }
    },
    "CenterOfMass": {
        "Position": {
            "X": 0.0,
            "Y": 1.1950000524520875,
            "Z": -0.6439999938011169
        },
        "Rotation": {
            "X": 0.0,
            "Y": 1.0,
            "Z": 0.0,
            "W": 0.0
        },
        "Scale": {
            "X": 1.0,
            "Y": 1.0,
            "Z": 1.0
        }
    },
    "LookAtTarget": {
        "Position": {
            "X": 0.0,
            "Y": 1.7619999647140504,
            "Z": -1.2920000553131104
        },
        "Rotation": {
            "X": 0.0,
            "Y": 1.0,
            "Z": 0.0,
            "W": 0.0
        },
        "Scale": {
            "X": 1.0,
            "Y": 1.0,
            "Z": 1.0
        }
    },
    "HeadControl": {
        "Position": {
            "X": -0.0005431232857517898,
            "Y": 1.712623119354248,
            "Z": -0.5662054419517517
        },
        "Rotation": {
            "X": 0.0,
            "Y": 1.0,
            "Z": 0.0,
            "W": 0.0
        },
        "Scale": {
            "X": 1.0,
            "Y": 1.0,
            "Z": 1.0
        }
    },
    "NeckControl": {
        "Position": {
            "X": -0.00037711748154833913,
            "Y": 1.6163908243179322,
            "Z": -0.5561659932136536
        },
        "Rotation": {
            "X": 0.0,
            "Y": 1.0,
            "Z": 0.0,
            "W": 0.0
        },
        "Scale": {
            "X": 1.0,
            "Y": 1.0,
            "Z": 1.0
        }
    },
    "ChestControl": {
        "Position": {
            "X": -0.0005628415965475142,
            "Y": 1.3613100051879883,
            "Z": -0.6137194037437439
        },
        "Rotation": {
            "X": 0.0,
            "Y": 1.0,
            "Z": 0.0,
            "W": 0.0
        },
        "Scale": {
            "X": 1.0,
            "Y": 1.0,
            "Z": 1.0
        }
    },
    "HipsControl": {
        "Position": {
            "X": -0.0008590970537625253,
            "Y": 1.1565730571746827,
            "Z": -0.6299183368682861
        },
        "Rotation": {
            "X": 0.0,
            "Y": 1.0,
            "Z": 0.0,
            "W": 0.0
        },
        "Scale": {
            "X": 1.0,
            "Y": 1.0,
            "Z": 1.0
        }
    },
    "LeftHandIKTarget": {
        "Position": {
            "X": 0.289000004529953,
            "Y": 0.8230000138282776,
            "Z": 0.02199999988079071
        },
        "Rotation": {
            "X": 0.50486820936203,
            "Y": 0.7394272685050964,
            "Z": -0.19700230658054353,
            "W": 0.3994314968585968
        },
        "Scale": {
            "X": 1.0,
            "Y": 1.0,
            "Z": 1.0
        }
    },
    "RightHandIKTarget": {
        "Position": {
            "X": -0.30399999022483828,
            "Y": 0.8230000138282776,
            "Z": 0.02199999988079071
        },
        "Rotation": {
            "X": -0.49839621782302859,
            "Y": 0.7438049912452698,
            "Z": -0.20048058032989503,
            "W": -0.3976970314979553
        },
        "Scale": {
            "X": 1.0,
            "Y": 1.0,
            "Z": 1.0
        }
    },
    "LeftFootIKTarget": {
        "Position": {
            "X": 0.07699999958276749,
            "Y": 0.1940000057220459,
            "Z": -0.48899999260902407
        },
        "Rotation": {
            "X": 0.03593572974205017,
            "Y": 0.9993261098861694,
            "Z": 0.004875987768173218,
            "W": -0.0056700087152421478
        },
        "Scale": {
            "X": 1.0,
            "Y": 1.0,
            "Z": 1.0
        }
    },
    "RightFootIKTarget": {
        "Position": {
            "X": -0.07100000232458115,
            "Y": 0.21899999678134919,
            "Z": -0.5049999952316284
        },
        "Rotation": {
            "X": -0.04726751521229744,
            "Y": 0.9922434687614441,
            "Z": 0.011867224238812924,
            "W": -0.11435874551534653
        },
        "Scale": {
            "X": 1.0,
            "Y": 1.0,
            "Z": 1.0
        }
    },
    "LeftHandIKPole": {
        "Position": {
            "X": 0.13487938046455384,
            "Y": 0.8375551700592041,
            "Z": 0.3195483684539795
        },
        "Rotation": {
            "X": 0.50486820936203,
            "Y": 0.7394272685050964,
            "Z": -0.19700230658054353,
            "W": 0.3994314968585968
        },
        "Scale": {
            "X": 1.0,
            "Y": 1.0,
            "Z": 1.0
        }
    },
    "RightHandIKPole": {
        "Position": {
            "X": -0.15334205329418183,
            "Y": 0.8379911780357361,
            "Z": 0.3212950825691223
        },
        "Rotation": {
            "X": -0.49839621782302859,
            "Y": 0.7438049912452698,
            "Z": -0.20048058032989503,
            "W": -0.3976970314979553
        },
        "Scale": {
            "X": 1.0,
            "Y": 1.0,
            "Z": 1.0
        }
    },
    "LeftFootIKPole": {
        "Position": {
            "X": 0.1606104075908661,
            "Y": 0.6911270618438721,
            "Z": -0.6848927736282349
        },
        "Rotation": {
            "X": 0.03593572974205017,
            "Y": 0.9993261098861694,
            "Z": 0.004875987768173218,
            "W": -0.0056700087152421478
        },
        "Scale": {
            "X": 1.0,
            "Y": 1.0,
            "Z": 1.0
        }
    },
    "RightFootIKPole": {
        "Position": {
            "X": -0.21062561869621278,
            "Y": 0.7143470644950867,
            "Z": -0.6712408065795898
        },
        "Rotation": {
            "X": -0.04726751521229744,
            "Y": 0.9922434687614441,
            "Z": 0.011867224238812924,
            "W": -0.11435874551534653
        },
        "Scale": {
            "X": 1.0,
            "Y": 1.0,
            "Z": 1.0
        }
    }
}