{
    "PoseName": "TouchFootSide.R",
    "LookAtTarget": {
        "Position": {
            "X": 0.0,
            "Y": 1.7000000476837159,
            "Z": -0.5
        },
        "Rotation": {
            "X": 0.0,
            "Y": 1.0,
            "Z": 0.0,
            "W": 0.0
        },
        "Scale": {
            "X": 0.20000000298023225,
            "Y": 0.20000000298023225,
            "Z": 0.20000000298023225
        }
    },
    "HeadControl": {
        "Position": {
            "X": 0.007157317362725735,
            "Y": 1.7017669677734376,
            "Z": -0.0074934158474206928
        },
        "Rotation": {
            "X": 0.0,
            "Y": 1.0,
            "Z": 0.0,
            "W": 0.0
        },
        "Scale": {
            "X": 0.25,
            "Y": 0.05000000074505806,
            "Z": 0.25
        }
    },
    "NeckControl": {
        "Position": {
            "X": 0.005013787187635899,
            "Y": 1.6061866283416749,
            "Z": 0.007382355630397797
        },
        "Rotation": {
            "X": 0.0,
            "Y": 1.0,
            "Z": 0.0,
            "W": 0.0
        },
        "Scale": {
            "X": 0.125,
            "Y": 0.05000000074505806,
            "Z": 0.125
        }
    },
    "ChestControl": {
        "Position": {
            "X": 0.0013156550703570247,
            "Y": 1.3468869924545289,
            "Z": -0.02621416002511978
        },
        "Rotation": {
            "X": 0.0,
            "Y": 1.0,
            "Z": 0.0,
            "W": 0.0
        },
        "Scale": {
            "X": 0.3499999940395355,
            "Y": 0.05000000074505806,
            "Z": 0.3499999940395355
        }
    },
    "HipsControl": {
        "Position": {
            "X": 0.0,
            "Y": 1.0980000495910645,
            "Z": 0.0
        },
        "Rotation": {
            "X": 0.0,
            "Y": 1.0,
            "Z": 0.0,
            "W": 0.0
        },
        "Scale": {
            "X": 0.4000000059604645,
            "Y": 0.05000000074505806,
            "Z": 0.3499999940395355
        }
    },
    "LeftHandIKTarget": {
        "Position": {
            "X": 0.34073713421821597,
            "Y": 2.013000011444092,
            "Z": -0.009796302765607834
        },
        "Rotation": {
            "X": 0.6772177815437317,
            "Y": 0.2222827970981598,
            "Z": 0.04663887619972229,
            "W": -0.699850857257843
        },
        "Scale": {
            "X": 0.1000000536441803,
            "Y": 0.10000000149011612,
            "Z": 0.1000000536441803
        }
    },
    "RightHandIKTarget": {
        "Position": {
            "X": -0.8460000157356262,
            "Y": 1.6160000562667847,
            "Z": 0.04999999329447746
        },
        "Rotation": {
            "X": 0.0,
            "Y": 0.7071068286895752,
            "Z": 0.0,
            "W": -0.7071068286895752
        },
        "Scale": {
            "X": 0.1000000536441803,
            "Y": 0.10000000149011612,
            "Z": 0.1000000536441803
        }
    },
    "LeftFootIKTarget": {
        "Position": {
            "X": 0.22885164618492127,
            "Y": 0.11759559065103531,
            "Z": 0.0005071759223937988
        },
        "Rotation": {
            "X": -0.07634149491786957,
            "Y": 0.89574134349823,
            "Z": -0.4018174111843109,
            "W": -0.1742476224899292
        },
        "Scale": {
            "X": 0.20000000298023225,
            "Y": 0.20000000298023225,
            "Z": 0.20000000298023225
        }
    },
    "RightFootIKTarget": {
        "Position": {
            "X": -0.8519999980926514,
            "Y": 1.3669999837875367,
            "Z": -0.009999999776482582
        },
        "Rotation": {
            "X": 0.616736650466919,
            "Y": 0.3305722773075104,
            "Z": 0.6296480298042297,
            "W": -0.33749276399612429
        },
        "Scale": {
            "X": 0.20000000298023225,
            "Y": 0.20000000298023225,
            "Z": 0.20000000298023225
        }
    },
    "LeftHandIKPole": {
        "Position": {
            "X": 0.268202543258667,
            "Y": 1.7354724407196046,
            "Z": -0.06192440912127495
        },
        "Rotation": {
            "X": 0.6772177815437317,
            "Y": 0.2222827970981598,
            "Z": 0.04663887619972229,
            "W": -0.699850857257843
        },
        "Scale": {
            "X": 1.0,
            "Y": 1.0,
            "Z": 1.0
        }
    },
    "RightHandIKPole": {
        "Position": {
            "X": -0.5959998965263367,
            "Y": 1.6160000562667847,
            "Z": 0.2000000923871994
        },
        "Rotation": {
            "X": 0.0,
            "Y": 0.7071068286895752,
            "Z": 0.0,
            "W": 0.7071068286895752
        },
        "Scale": {
            "X": 1.0,
            "Y": 1.0,
            "Z": 1.0
        }
    },
    "LeftFootIKPole": {
        "Position": {
            "X": 0.05910231173038483,
            "Y": 0.3570036292076111,
            "Z": -0.4231600761413574
        },
        "Rotation": {
            "X": -0.07634149491786957,
            "Y": 0.89574134349823,
            "Z": -0.4018174111843109,
            "W": -0.1742476224899292
        },
        "Scale": {
            "X": 0.5,
            "Y": 0.5,
            "Z": 0.5
        }
    },
    "RightFootIKPole": {
        "Position": {
            "X": -0.40536078810691836,
            "Y": 1.5691907405853272,
            "Z": 0.30067741870880129
        },
        "Rotation": {
            "X": 0.616736650466919,
            "Y": 0.3305722773075104,
            "Z": 0.6296480298042297,
            "W": -0.33749276399612429
        },
        "Scale": {
            "X": 0.5,
            "Y": 0.5,
            "Z": 0.5
        }
    }
}