{
    "PoseName": "TouchFoot.R",
    "LookAtTarget": {
        "Position": {
            "X": 0.0,
            "Y": 1.7000000476837159,
            "Z": -0.5
        },
        "Rotation": {
            "X": 0.0,
            "Y": 1.0,
            "Z": 0.0,
            "W": 0.0
        },
        "Scale": {
            "X": 0.20000000298023225,
            "Y": 0.20000000298023225,
            "Z": 0.20000000298023225
        }
    },
    "HeadControl": {
        "Position": {
            "X": 0.002126223873347044,
            "Y": 1.6773375272750855,
            "Z": -0.0032393375877290966
        },
        "Rotation": {
            "X": 0.0,
            "Y": 1.0,
            "Z": 0.0,
            "W": 0.0
        },
        "Scale": {
            "X": 0.25,
            "Y": 0.05000000074505806,
            "Z": 0.25
        }
    },
    "NeckControl": {
        "Position": {
            "X": 0.0007637575617991388,
            "Y": 1.582708477973938,
            "Z": 0.016884438693523408
        },
        "Rotation": {
            "X": 0.0,
            "Y": 1.0,
            "Z": 0.0,
            "W": 0.0
        },
        "Scale": {
            "X": 0.125,
            "Y": 0.05000000074505806,
            "Z": 0.125
        }
    },
    "ChestControl": {
        "Position": {
            "X": 0.00012583097850438207,
            "Y": 1.3235750198364258,
            "Z": -0.018160207197070123
        },
        "Rotation": {
            "X": 0.0,
            "Y": 1.0,
            "Z": 0.0,
            "W": 0.0
        },
        "Scale": {
            "X": 0.3499999940395355,
            "Y": 0.05000000074505806,
            "Z": 0.3499999940395355
        }
    },
    "HipsControl": {
        "Position": {
            "X": 0.0,
            "Y": 1.059999942779541,
            "Z": 0.0
        },
        "Rotation": {
            "X": 0.0,
            "Y": 1.0,
            "Z": 0.0,
            "W": 0.0
        },
        "Scale": {
            "X": 0.4000000059604645,
            "Y": 0.05000000074505806,
            "Z": 0.3499999940395355
        }
    },
    "LeftHandIKTarget": {
        "Position": {
            "X": 0.28999999165534975,
            "Y": 0.9890000224113464,
            "Z": 0.013000000268220902
        },
        "Rotation": {
            "X": 0.42903557419776919,
            "Y": 0.562075138092041,
            "Z": -0.42903557419776919,
            "W": 0.562075138092041
        },
        "Scale": {
            "X": 0.1000000536441803,
            "Y": 0.10000000149011612,
            "Z": 0.1000000536441803
        }
    },
    "RightHandIKTarget": {
        "Position": {
            "X": -0.337916761636734,
            "Y": 2.013765573501587,
            "Z": -0.2778933048248291
        },
        "Rotation": {
            "X": 0.08651380240917206,
            "Y": 0.8523473143577576,
            "Z": 0.4125620722770691,
            "W": 0.30953526496887209
        },
        "Scale": {
            "X": 0.1000000536441803,
            "Y": 0.10000000149011612,
            "Z": 0.1000000536441803
        }
    },
    "LeftFootIKTarget": {
        "Position": {
            "X": 0.0812784731388092,
            "Y": 0.0260896235704422,
            "Z": 0.03232717514038086
        },
        "Rotation": {
            "X": 0.01938352733850479,
            "Y": 0.9721210598945618,
            "Z": -0.2169332653284073,
            "W": 0.08686143904924393
        },
        "Scale": {
            "X": 0.20000000298023225,
            "Y": 0.20000000298023225,
            "Z": 0.20000000298023225
        }
    },
    "RightFootIKTarget": {
        "Position": {
            "X": -0.3109999895095825,
            "Y": 1.871999979019165,
            "Z": -0.4880000054836273
        },
        "Rotation": {
            "X": 0.0,
            "Y": 0.3441618084907532,
            "Z": 0.9389104247093201,
            "W": 0.0
        },
        "Scale": {
            "X": 0.20000000298023225,
            "Y": 0.20000000298023225,
            "Z": 0.20000000298023225
        }
    },
    "LeftHandIKPole": {
        "Position": {
            "X": 0.2240714579820633,
            "Y": 1.2301504611968995,
            "Z": 0.16300024092197419
        },
        "Rotation": {
            "X": 0.42903557419776919,
            "Y": 0.562075138092041,
            "Z": -0.42903557419776919,
            "W": 0.562075138092041
        },
        "Scale": {
            "X": 1.0,
            "Y": 1.0,
            "Z": 1.0
        }
    },
    "RightHandIKPole": {
        "Position": {
            "X": -0.6066898703575134,
            "Y": 1.9117647409439088,
            "Z": -0.22934485971927644
        },
        "Rotation": {
            "X": 0.4125620722770691,
            "Y": -0.30953526496887209,
            "Z": -0.08651380240917206,
            "W": 0.8523473143577576
        },
        "Scale": {
            "X": 1.0,
            "Y": 1.0,
            "Z": 1.0
        }
    },
    "LeftFootIKPole": {
        "Position": {
            "X": 0.13902346789836884,
            "Y": 0.42551159858703616,
            "Z": -0.2882233262062073
        },
        "Rotation": {
            "X": 0.01938352733850479,
            "Y": 0.9721210598945618,
            "Z": -0.2169332653284073,
            "W": 0.08686143904924393
        },
        "Scale": {
            "X": 0.5,
            "Y": 0.5,
            "Z": 0.5
        }
    },
    "RightFootIKPole": {
        "Position": {
            "X": -0.3109999895095825,
            "Y": 1.571231484413147,
            "Z": -0.0694747269153595
        },
        "Rotation": {
            "X": 0.0,
            "Y": 0.3441618084907532,
            "Z": 0.9389104247093201,
            "W": 0.0
        },
        "Scale": {
            "X": 0.5,
            "Y": 0.5,
            "Z": 0.5
        }
    }
}