{
    "PoseName": "TouchNose.R",
    "LookAtTarget": {
        "Position": {
            "X": 0.0,
            "Y": 1.7000000476837159,
            "Z": -0.5
        },
        "Rotation": {
            "X": 0.0,
            "Y": 1.0,
            "Z": 0.0,
            "W": 0.0
        },
        "Scale": {
            "X": 0.20000000298023225,
            "Y": 0.20000000298023225,
            "Z": 0.20000000298023225
        }
    },
    "HeadControl": {
        "Position": {
            "X": 0.007423548027873039,
            "Y": 1.6036198139190674,
            "Z": -0.006943885236978531
        },
        "Rotation": {
            "X": 0.0,
            "Y": 1.0,
            "Z": 0.0,
            "W": 0.0
        },
        "Scale": {
            "X": 0.25,
            "Y": 0.05000000074505806,
            "Z": 0.25
        }
    },
    "NeckControl": {
        "Position": {
            "X": 0.003962986171245575,
            "Y": 1.508692979812622,
            "Z": 0.011451669968664647
        },
        "Rotation": {
            "X": 0.0,
            "Y": 1.0,
            "Z": 0.0,
            "W": 0.0
        },
        "Scale": {
            "X": 0.125,
            "Y": 0.05000000074505806,
            "Z": 0.125
        }
    },
    "ChestControl": {
        "Position": {
            "X": 0.002423069206997752,
            "Y": 1.2499805688858033,
            "Z": -0.026551105082035066
        },
        "Rotation": {
            "X": 0.0,
            "Y": 1.0,
            "Z": 0.0,
            "W": 0.0
        },
        "Scale": {
            "X": 0.3499999940395355,
            "Y": 0.05000000074505806,
            "Z": 0.3499999940395355
        }
    },
    "HipsControl": {
        "Position": {
            "X": 0.0,
            "Y": 1.0,
            "Z": 0.0
        },
        "Rotation": {
            "X": 0.0,
            "Y": 1.0,
            "Z": 0.0,
            "W": 0.0
        },
        "Scale": {
            "X": 0.4000000059604645,
            "Y": 0.05000000074505806,
            "Z": 0.3499999940395355
        }
    },
    "LeftHandIKTarget": {
        "Position": {
            "X": 0.75,
            "Y": 1.399999976158142,
            "Z": 0.05000000819563866
        },
        "Rotation": {
            "X": 0.0,
            "Y": 0.7071068286895752,
            "Z": 0.0,
            "W": 0.7071068286895752
        },
        "Scale": {
            "X": 0.1000000536441803,
            "Y": 0.10000000149011612,
            "Z": 0.1000000536441803
        }
    },
    "RightHandIKTarget": {
        "Position": {
            "X": -0.10300000011920929,
            "Y": 1.6579999923706055,
            "Z": -0.22100000083446504
        },
        "Rotation": {
            "X": 0.0,
            "Y": 0.5189573764801025,
            "Z": 0.0,
            "W": 0.8548001646995544
        },
        "Scale": {
            "X": 0.1000000536441803,
            "Y": 0.10000000149011612,
            "Z": 0.1000000536441803
        }
    },
    "LeftFootIKTarget": {
        "Position": {
            "X": 0.10000000149011612,
            "Y": 0.0,
            "Z": 0.0
        },
        "Rotation": {
            "X": 0.0,
            "Y": 1.0,
            "Z": 0.0,
            "W": 0.0
        },
        "Scale": {
            "X": 0.20000000298023225,
            "Y": 0.20000000298023225,
            "Z": 0.20000000298023225
        }
    },
    "RightFootIKTarget": {
        "Position": {
            "X": -0.10000000149011612,
            "Y": 0.0,
            "Z": 0.0
        },
        "Rotation": {
            "X": 0.0,
            "Y": 1.0,
            "Z": 0.0,
            "W": 0.0
        },
        "Scale": {
            "X": 0.20000000298023225,
            "Y": 0.20000000298023225,
            "Z": 0.20000000298023225
        }
    },
    "LeftHandIKPole": {
        "Position": {
            "X": 0.4999997615814209,
            "Y": 1.399999976158142,
            "Z": 0.20000019669532777
        },
        "Rotation": {
            "X": 0.0,
            "Y": 0.7071068286895752,
            "Z": 0.0,
            "W": 0.7071068286895752
        },
        "Scale": {
            "X": 1.0,
            "Y": 1.0,
            "Z": 1.0
        }
    },
    "RightHandIKPole": {
        "Position": {
            "X": -0.5691401362419128,
            "Y": 1.9420000314712525,
            "Z": -0.46903783082962038
        },
        "Rotation": {
            "X": 0.0,
            "Y": -0.8548001646995544,
            "Z": 0.0,
            "W": 0.5189573764801025
        },
        "Scale": {
            "X": 1.0,
            "Y": 1.0,
            "Z": 1.0
        }
    },
    "LeftFootIKPole": {
        "Position": {
            "X": 0.10000000149011612,
            "Y": 0.5,
            "Z": -0.1250000149011612
        },
        "Rotation": {
            "X": 0.0,
            "Y": 1.0,
            "Z": 0.0,
            "W": 0.0
        },
        "Scale": {
            "X": 0.5,
            "Y": 0.5,
            "Z": 0.5
        }
    },
    "RightFootIKPole": {
        "Position": {
            "X": -0.10000000149011612,
            "Y": 0.5,
            "Z": -0.1249999925494194
        },
        "Rotation": {
            "X": 0.0,
            "Y": 1.0,
            "Z": 0.0,
            "W": 0.0
        },
        "Scale": {
            "X": 0.5,
            "Y": 0.5,
            "Z": 0.5
        }
    }
}