{
    "PoseName": "Yoga_ChildPose",
    "RootControl": {
        "Position": {
            "X": 0.0,
            "Y": 0.0,
            "Z": 0.0
        },
        "Rotation": {
            "X": 0.014799504540860653,
            "Y": 0.7284134030342102,
            "Z": -0.6849431991577148,
            "W": -0.006912748329341412
        },
        "Scale": {
            "X": 1.0,
            "Y": 1.0,
            "Z": 1.0
        }
    },
    "CenterOfMass": {
        "Position": {
            "X": 0.017982378602027894,
            "Y": 0.2461039423942566,
            "Z": -0.13096006214618684
        },
        "Rotation": {
            "X": 0.014889184385538102,
            "Y": 0.7193374037742615,
            "Z": -0.6944687962532044,
            "W": -0.0067174131982028488
        },
        "Scale": {
            "X": 1.0,
            "Y": 1.0,
            "Z": 1.0
        }
    },
    "LookAtTarget": {
        "Position": {
            "X": 0.01500902883708477,
            "Y": -0.03583425283432007,
            "Z": -0.6482135653495789
        },
        "Rotation": {
            "X": 0.014889184385538102,
            "Y": 0.7193374037742615,
            "Z": -0.6944687962532044,
            "W": -0.0067174131982028488
        },
        "Scale": {
            "X": 1.0,
            "Y": 1.0,
            "Z": 1.0
        }
    },
    "HeadControl": {
        "Position": {
            "X": 0.01950221136212349,
            "Y": 0.09882485866546631,
            "Z": -1.609852910041809
        },
        "Rotation": {
            "X": 0.014799505472183228,
            "Y": 0.7284134030342102,
            "Z": -0.6849431991577148,
            "W": -0.00691274693235755
        },
        "Scale": {
            "X": 1.0,
            "Y": 1.0,
            "Z": 1.0
        }
    },
    "NeckControl": {
        "Position": {
            "X": 0.01795460470020771,
            "Y": 0.09098255634307862,
            "Z": -1.4821025133132935
        },
        "Rotation": {
            "X": 0.014799505472183228,
            "Y": 0.7284134030342102,
            "Z": -0.6849431991577148,
            "W": -0.006912747398018837
        },
        "Scale": {
            "X": 1.0,
            "Y": 1.0,
            "Z": 1.0
        }
    },
    "ChestControl": {
        "Position": {
            "X": 0.015089120715856552,
            "Y": 0.07646214962005615,
            "Z": -1.2455646991729737
        },
        "Rotation": {
            "X": 0.014799505472183228,
            "Y": 0.7284134030342102,
            "Z": -0.6849431991577148,
            "W": -0.006912747863680124
        },
        "Scale": {
            "X": 1.0,
            "Y": 1.0,
            "Z": 1.0
        }
    },
    "HipsControl": {
        "Position": {
            "X": 0.012271997518837452,
            "Y": 0.06218665838241577,
            "Z": -1.0130192041397095
        },
        "Rotation": {
            "X": 0.014799504540860653,
            "Y": 0.7284134030342102,
            "Z": -0.6849431991577148,
            "W": -0.006912747863680124
        },
        "Scale": {
            "X": 1.0,
            "Y": 1.0,
            "Z": 1.0
        }
    },
    "LeftHandIKTarget": {
        "Position": {
            "X": 0.2771921753883362,
            "Y": 0.023831546306610109,
            "Z": -0.9119685888290405
        },
        "Rotation": {
            "X": 0.03858509659767151,
            "Y": -0.9992276430130005,
            "Z": 0.0053262412548065189,
            "W": 0.005207822658121586
        },
        "Scale": {
            "X": 1.0,
            "Y": 1.0,
            "Z": 1.0
        }
    },
    "RightHandIKTarget": {
        "Position": {
            "X": -0.07768072187900543,
            "Y": 0.00158768892288208,
            "Z": -0.912623405456543
        },
        "Rotation": {
            "X": 0.015610411763191224,
            "Y": 0.9989495873451233,
            "Z": 0.04093632102012634,
            "W": 0.013436575420200825
        },
        "Scale": {
            "X": 1.0,
            "Y": 1.0,
            "Z": 1.0
        }
    },
    "LeftFootIKTarget": {
        "Position": {
            "X": 0.10367968678474426,
            "Y": 0.12467342615127564,
            "Z": 0.023938745260238649
        },
        "Rotation": {
            "X": -0.007326929830014706,
            "Y": 0.32595983147621157,
            "Z": -0.9452807307243347,
            "W": 0.011872367933392525
        },
        "Scale": {
            "X": 1.0,
            "Y": 1.0,
            "Z": 1.0
        }
    },
    "RightFootIKTarget": {
        "Position": {
            "X": -0.09621358662843704,
            "Y": 0.1308794468641281,
            "Z": 0.02189815044403076
        },
        "Rotation": {
            "X": -0.007326929830014706,
            "Y": 0.32595983147621157,
            "Z": -0.9452807307243347,
            "W": 0.011872367933392525
        },
        "Scale": {
            "X": 1.0,
            "Y": 1.0,
            "Z": 1.0
        }
    },
    "LeftHandIKPole": {
        "Position": {
            "X": 0.48680153489112856,
            "Y": -0.05769246816635132,
            "Z": -0.6631357073783875
        },
        "Rotation": {
            "X": 0.03858509659767151,
            "Y": -0.9992276430130005,
            "Z": 0.0053262412548065189,
            "W": 0.005207822658121586
        },
        "Scale": {
            "X": 1.0,
            "Y": 1.0,
            "Z": 1.0
        }
    },
    "RightHandIKPole": {
        "Position": {
            "X": -0.28755059838294985,
            "Y": -0.1119125485420227,
            "Z": -0.6768853664398193
        },
        "Rotation": {
            "X": 0.015610411763191224,
            "Y": 0.9989495873451233,
            "Z": 0.04093632102012634,
            "W": 0.013436577282845974
        },
        "Scale": {
            "X": 1.0,
            "Y": 1.0,
            "Z": 1.0
        }
    },
    "LeftFootIKPole": {
        "Position": {
            "X": 0.147449791431427,
            "Y": -0.1812148094177246,
            "Z": -0.5607689619064331
        },
        "Rotation": {
            "X": -0.007326929830014706,
            "Y": 0.32595983147621157,
            "Z": -0.9452807307243347,
            "W": 0.011872367933392525
        },
        "Scale": {
            "X": 1.0,
            "Y": 1.0,
            "Z": 1.0
        }
    },
    "RightFootIKPole": {
        "Position": {
            "X": -0.1524045467376709,
            "Y": -0.17773109674453736,
            "Z": -0.5621981620788574
        },
        "Rotation": {
            "X": -0.007326929830014706,
            "Y": 0.32595983147621157,
            "Z": -0.9452807307243347,
            "W": 0.011872367933392525
        },
        "Scale": {
            "X": 1.0,
            "Y": 1.0,
            "Z": 1.0
        }
    }
}