{
    "PoseName": "Yoga_ChildPose",
    "RootControl": {
        "Position": {
            "X": 0.0,
            "Y": 0.0,
            "Z": 0.0
        },
        "Rotation": {
            "X": 0.014799504540860653,
            "Y": 0.7284134030342102,
            "Z": -0.6849431991577148,
            "W": -0.006912748329341412
        },
        "Scale": {
            "X": 1.0,
            "Y": 1.0,
            "Z": 1.0
        }
    },
    "CenterOfMass": {
        "Position": {
            "X": 0.017982378602027894,
            "Y": 0.246103897690773,
            "Z": -0.13096001744270326
        },
        "Rotation": {
            "X": 0.014889183454215527,
            "Y": 0.7193374037742615,
            "Z": -0.6944687962532044,
            "W": -0.006717412732541561
        },
        "Scale": {
            "X": 1.0,
            "Y": 1.0,
            "Z": 1.0
        }
    },
    "LookAtTarget": {
        "Position": {
            "X": 0.015009027905762196,
            "Y": -0.03583425283432007,
            "Z": -0.6482133865356445
        },
        "Rotation": {
            "X": 0.014889183454215527,
            "Y": 0.7193374037742615,
            "Z": -0.6944687962532044,
            "W": -0.006717412732541561
        },
        "Scale": {
            "X": 1.0,
            "Y": 1.0,
            "Z": 1.0
        }
    },
    "HeadControl": {
        "Position": {
            "X": 0.019502194598317148,
            "Y": 0.09882462024688721,
            "Z": -1.6098517179489136
        },
        "Rotation": {
            "X": 0.014799504540860653,
            "Y": 0.7284134030342102,
            "Z": -0.6849431991577148,
            "W": -0.006912748329341412
        },
        "Scale": {
            "X": 1.0,
            "Y": 1.0,
            "Z": 1.0
        }
    },
    "NeckControl": {
        "Position": {
            "X": 0.017954593524336816,
            "Y": 0.09098243713378906,
            "Z": -1.4821016788482667
        },
        "Rotation": {
            "X": 0.014799504540860653,
            "Y": 0.7284134030342102,
            "Z": -0.6849431991577148,
            "W": -0.006912748329341412
        },
        "Scale": {
            "X": 1.0,
            "Y": 1.0,
            "Z": 1.0
        }
    },
    "ChestControl": {
        "Position": {
            "X": 0.015089113265275956,
            "Y": 0.0764620304107666,
            "Z": -1.2455642223358155
        },
        "Rotation": {
            "X": 0.014799504540860653,
            "Y": 0.7284134030342102,
            "Z": -0.6849431991577148,
            "W": -0.006912748329341412
        },
        "Scale": {
            "X": 1.0,
            "Y": 1.0,
            "Z": 1.0
        }
    },
    "HipsControl": {
        "Position": {
            "X": 0.012271994724869728,
            "Y": 0.062186598777770999,
            "Z": -1.0130189657211304
        },
        "Rotation": {
            "X": 0.014799504540860653,
            "Y": 0.7284134030342102,
            "Z": -0.6849431991577148,
            "W": -0.006912748329341412
        },
        "Scale": {
            "X": 1.0,
            "Y": 1.0,
            "Z": 1.0
        }
    },
    "LeftHandIKTarget": {
        "Position": {
            "X": 0.2225709855556488,
            "Y": 0.018870174884796144,
            "Z": -0.967040479183197
        },
        "Rotation": {
            "X": 0.038193944841623309,
            "Y": -0.9970974326133728,
            "Z": 0.007642149925231934,
            "W": 0.06542084366083145
        },
        "Scale": {
            "X": 1.0,
            "Y": 1.0,
            "Z": 1.0
        }
    },
    "RightHandIKTarget": {
        "Position": {
            "X": -0.07567750662565232,
            "Y": 0.008330821990966797,
            "Z": -0.9903376698493958
        },
        "Rotation": {
            "X": 0.017390906810760499,
            "Y": 0.997398853302002,
            "Z": 0.04021221399307251,
            "W": 0.05723874643445015
        },
        "Scale": {
            "X": 1.0,
            "Y": 1.0,
            "Z": 1.0
        }
    },
    "LeftFootIKTarget": {
        "Position": {
            "X": 0.10367969423532486,
            "Y": 0.12467341125011444,
            "Z": 0.023938730359077455
        },
        "Rotation": {
            "X": -0.00732693076133728,
            "Y": 0.32595983147621157,
            "Z": -0.9452807903289795,
            "W": 0.011872366070747376
        },
        "Scale": {
            "X": 1.0,
            "Y": 1.0,
            "Z": 1.0
        }
    },
    "RightFootIKTarget": {
        "Position": {
            "X": -0.09621358662843704,
            "Y": 0.13087941706180573,
            "Z": 0.021898135542869569
        },
        "Rotation": {
            "X": -0.00732693076133728,
            "Y": 0.32595983147621157,
            "Z": -0.9452807903289795,
            "W": 0.011872366070747376
        },
        "Scale": {
            "X": 1.0,
            "Y": 1.0,
            "Z": 1.0
        }
    },
    "LeftHandIKPole": {
        "Position": {
            "X": 0.46046167612075808,
            "Y": -0.060733795166015628,
            "Z": -0.7443944215774536
        },
        "Rotation": {
            "X": 0.038193944841623309,
            "Y": -0.9970974326133728,
            "Z": 0.007642149925231934,
            "W": 0.06542084366083145
        },
        "Scale": {
            "X": 1.0,
            "Y": 1.0,
            "Z": 1.0
        }
    },
    "RightHandIKPole": {
        "Position": {
            "X": -0.3061493933200836,
            "Y": -0.10298246145248413,
            "Z": -0.7735611200332642
        },
        "Rotation": {
            "X": 0.017390906810760499,
            "Y": 0.997398853302002,
            "Z": 0.04021221399307251,
            "W": 0.05723874643445015
        },
        "Scale": {
            "X": 1.0,
            "Y": 1.0,
            "Z": 1.0
        }
    },
    "LeftFootIKPole": {
        "Position": {
            "X": 0.1474497765302658,
            "Y": -0.1812148094177246,
            "Z": -0.560768723487854
        },
        "Rotation": {
            "X": -0.00732693076133728,
            "Y": 0.32595983147621157,
            "Z": -0.9452807903289795,
            "W": 0.011872366070747376
        },
        "Scale": {
            "X": 1.0,
            "Y": 1.0,
            "Z": 1.0
        }
    },
    "RightFootIKPole": {
        "Position": {
            "X": -0.1524045616388321,
            "Y": -0.17773103713989259,
            "Z": -0.5621980428695679
        },
        "Rotation": {
            "X": -0.00732693076133728,
            "Y": 0.32595983147621157,
            "Z": -0.9452807903289795,
            "W": 0.011872366070747376
        },
        "Scale": {
            "X": 1.0,
            "Y": 1.0,
            "Z": 1.0
        }
    }
}